,Company,TypeName,Ram,OpSys,Weight,Price_euros,IPS,Touchscreen,Retina Display,Full HD,Cpu_name,Gpu_name
0,Apple,Ultrabook,8,MAC,1.37,1339.69,1,0,1,0,Intel Core i5,Intel
1,Apple,Ultrabook,8,MAC,1.34,898.94,0,0,0,0,Intel Core i5,Intel
2,HP,Notebook,8,other,1.86,575.0,0,0,0,1,Intel Core i5,Intel
3,Apple,Ultrabook,16,MAC,1.83,2537.45,1,0,1,0,Intel Core i7,AMD
4,Apple,Ultrabook,8,MAC,1.37,1803.6,1,0,1,0,Intel Core i5,Intel
5,Acer,Notebook,4,Windows,2.1,400.0,0,0,0,0,AMD,AMD
6,Apple,Ultrabook,16,MAC,2.04,2139.97,1,0,1,0,Intel Core i7,Intel
7,Apple,Ultrabook,8,MAC,1.34,1158.7,0,0,0,0,Intel Core i5,Intel
8,Asus,Ultrabook,16,Windows,1.3,1495.0,0,0,0,1,Intel Core i7,Nvidia
9,Acer,Ultrabook,8,Windows,1.6,770.0,1,0,0,1,Intel Core i5,Intel
10,HP,Notebook,4,other,1.86,393.9,0,0,0,0,Intel Core i5,Intel
11,HP,Notebook,4,other,1.86,344.99,0,0,0,1,Intel Core i3,Intel
12,Apple,Ultrabook,16,MAC,1.83,2439.97,1,0,1,0,Intel Core i7,AMD
13,Dell,Notebook,4,Windows,2.2,498.9,0,0,0,1,Intel Core i3,AMD
14,Apple,Ultrabook,8,MAC,0.92,1262.4,1,0,1,0,Others,Intel
15,Apple,Ultrabook,8,MAC,1.37,1518.55,1,0,1,0,Intel Core i5,Intel
16,Dell,Notebook,8,Windows,2.2,745.0,0,0,0,1,Intel Core i7,AMD
17,Apple,Ultrabook,16,MAC,1.83,2858.0,1,0,1,0,Intel Core i7,AMD
18,Lenovo,Notebook,8,other,2.2,499.0,0,0,0,1,Intel Core i3,Nvidia
19,Dell,Ultrabook,8,Windows,1.22,979.0,1,1,0,1,Intel Core i5,Intel
20,Asus,Netbook,2,Windows,0.98,191.9,0,0,0,0,Others,Intel
21,Lenovo,Gaming,8,Windows,2.5,999.0,1,0,0,1,Intel Core i5,Nvidia
22,HP,Notebook,4,other,1.86,258.0,0,0,0,0,AMD,AMD
23,Dell,2 in 1 Convertible,8,Windows,1.62,819.0,0,1,0,1,Intel Core i5,Intel
24,HP,Ultrabook,8,Windows,1.91,659.0,0,0,0,1,Intel Core i7,Intel
25,Dell,Notebook,4,Windows,2.3,418.64,0,0,0,0,Intel Core i3,Intel
26,Apple,Ultrabook,8,MAC,1.35,1099.0,0,0,0,0,Intel Core i5,Intel
27,Dell,Notebook,8,Windows,2.2,800.0,0,0,0,1,Intel Core i5,AMD
28,Dell,Ultrabook,8,Windows,1.88,1298.0,0,0,0,1,Intel Core i7,Intel
29,HP,Notebook,8,Windows,2.5,896.0,0,0,0,1,Intel Core i5,Nvidia
30,Other,Notebook,4,Windows,1.89,244.99,0,0,0,1,Others,Intel
31,Asus,Notebook,2,Windows,1.65,199.0,0,0,0,0,AMD,AMD
32,HP,Notebook,4,Windows,2.71,439.0,0,0,0,1,AMD,AMD
33,Dell,Ultrabook,16,Windows,1.2,1869.0,0,1,0,0,Intel Core i7,Intel
34,Apple,Ultrabook,8,MAC,1.35,998.0,0,0,0,0,Intel Core i5,Intel
35,Lenovo,Notebook,4,Windows,1.44,249.0,0,0,0,0,Others,Intel
36,Acer,Notebook,4,Linux,2.1,367.0,0,0,0,0,Intel Core i3,Intel
37,Dell,Notebook,8,Windows,2.8,979.0,1,0,0,1,Intel Core i5,AMD
38,HP,Notebook,4,Windows,1.86,488.69,0,0,0,0,Intel Core i5,Intel
39,HP,Notebook,8,Windows,2.1,879.0,0,0,0,1,Intel Core i5,Nvidia
40,Asus,Notebook,4,Linux,2.0,389.0,0,0,0,1,Intel Core i3,Intel
41,Dell,Gaming,16,Windows,2.65,1499.0,1,0,0,1,Intel Core i7,Nvidia
42,Asus,Notebook,8,Linux,2.3,522.99,0,0,0,0,Intel Core i5,Nvidia
43,Acer,Notebook,4,Windows,2.2,682.0,1,0,0,1,Intel Core i5,Intel
44,Dell,2 in 1 Convertible,12,Windows,2.77,999.0,0,1,0,1,Intel Core i5,Nvidia
45,Apple,Ultrabook,8,MAC,1.37,1419.0,1,0,1,0,Intel Core i5,Intel
46,Lenovo,Notebook,4,other,2.2,369.0,0,0,0,0,Intel Core i3,Intel
47,Asus,Gaming,8,Windows,3.2,1299.0,0,0,0,1,AMD,AMD
48,Dell,Notebook,4,Windows,2.3,639.0,0,0,0,1,Intel Core i5,AMD
49,Asus,Notebook,4,Windows,2.8,466.0,0,0,0,0,Others,Nvidia
50,Lenovo,2 in 1 Convertible,4,other,0.69,319.0,1,1,0,0,Others,Intel
51,Acer,Notebook,8,Windows,2.2,841.0,1,0,0,1,Intel Core i7,Nvidia
52,HP,Notebook,4,Windows,1.86,398.49,0,0,0,1,AMD,AMD
53,HP,Notebook,8,Windows,1.49,1103.0,0,0,0,1,Intel Core i7,Intel
54,Acer,Notebook,4,Windows,2.4,384.0,0,0,0,0,Intel Core i3,Intel
55,Dell,Notebook,8,Windows,2.13,767.8,0,0,0,1,Intel Core i7,AMD
56,HP,Notebook,4,Windows,1.91,439.0,0,0,0,1,Intel Core i3,Intel
57,Asus,Notebook,4,Windows,2.0,586.19,0,0,0,0,Intel Core i5,Intel
58,MSI,Gaming,16,Windows,2.43,2449.0,0,0,0,1,Intel Core i7,Nvidia
59,Asus,Notebook,4,Linux,2.0,415.0,0,0,0,1,Intel Core i3,Intel
60,Dell,Notebook,16,Windows,2.8,1299.0,0,0,0,1,Intel Core i7,AMD
61,Dell,Ultrabook,8,Windows,1.7,879.0,0,0,0,1,Intel Core i5,Intel
62,Lenovo,Notebook,8,other,1.7,599.0,1,0,0,1,Intel Core i3,Intel
63,Asus,Notebook,8,Windows,1.4,941.0,0,0,0,1,Intel Core i5,Intel
64,HP,Notebook,8,Windows,1.86,690.0,0,0,0,1,Intel Core i5,Intel
65,Asus,Ultrabook,16,Windows,1.8,1983.0,0,0,0,1,Intel Core i7,Nvidia
66,HP,Notebook,4,Windows,1.86,438.69,0,0,0,0,Intel Core i3,AMD
67,HP,Notebook,4,Windows,1.44,229.0,0,0,0,0,Others,Intel
68,Lenovo,Notebook,4,Windows,1.9,549.0,0,0,0,1,Intel Core i5,Intel
69,Asus,Gaming,12,Linux,3.0,949.0,0,0,0,1,Intel Core i7,Nvidia
70,Other,Ultrabook,4,Windows,1.252,1089.0,0,1,0,0,Intel Core i5,Intel
71,Dell,Ultrabook,8,Windows,1.4,955.0,1,0,0,1,Intel Core i7,AMD
72,Dell,Notebook,8,Windows,2.2,870.0,0,0,0,1,Intel Core i7,AMD
73,MSI,Gaming,8,Windows,2.7,1095.0,0,0,0,1,Intel Core i5,Nvidia
74,Acer,Notebook,8,Windows,2.1,389.0,0,0,0,0,Intel Core i3,Intel
75,Asus,Gaming,8,Windows,2.2,949.0,0,0,0,1,Intel Core i7,Nvidia
76,Lenovo,Notebook,8,other,2.2,519.0,0,0,0,1,Intel Core i5,Intel
77,Dell,Notebook,8,Windows,2.02,855.0,0,0,0,1,Intel Core i7,Intel
78,Acer,Notebook,4,Windows,2.2,530.0,0,0,0,1,Intel Core i3,Nvidia
79,HP,Notebook,8,Windows,2.5,977.0,0,0,0,1,Intel Core i5,Nvidia
80,Dell,Ultrabook,8,Windows,1.88,1096.16,1,0,0,1,Intel Core i5,Intel
81,Apple,Ultrabook,8,MAC,0.92,1510.0,1,0,1,0,Intel Core i5,Intel
82,HP,Notebook,8,Windows,1.63,860.0,0,0,0,1,Intel Core i5,Intel
83,Lenovo,Notebook,4,Windows,2.2,399.0,0,0,0,1,AMD,AMD
84,Acer,Notebook,4,Windows,2.1,395.0,0,0,0,0,AMD,AMD
85,Dell,Gaming,16,Windows,2.65,1349.0,1,0,0,1,Intel Core i7,Nvidia
86,HP,Ultrabook,8,Windows,1.83,699.0,1,0,0,1,Intel Core i7,Nvidia
87,HP,Notebook,8,Windows,1.96,598.99,0,0,0,1,Intel Core i5,Intel
88,Asus,Gaming,16,Windows,2.2,1449.0,1,0,0,1,Intel Core i7,Nvidia
89,Dell,Ultrabook,8,Windows,1.21,1649.0,1,0,0,1,Intel Core i7,Intel
90,Asus,Gaming,8,Windows,2.45,699.0,0,0,0,1,AMD,AMD
91,Acer,Notebook,8,Windows,2.2,689.0,0,0,0,1,Intel Core i7,Nvidia
92,HP,Notebook,16,Windows,1.49,1197.0,0,0,0,1,Intel Core i7,Intel
93,Dell,Gaming,8,Windows,2.65,1195.0,0,0,0,1,Intel Core i5,Nvidia
94,Asus,Ultrabook,8,Windows,1.25,1049.0,0,0,0,1,Intel Core i7,Intel
95,Acer,2 in 1 Convertible,8,Windows,1.5,847.0,1,1,0,1,Intel Core i5,Intel
96,Dell,Notebook,8,Linux,2.2,599.9,0,0,0,1,Intel Core i7,AMD
97,Dell,Notebook,4,Linux,2.2,485.0,0,0,0,1,Intel Core i3,AMD
98,Asus,Notebook,6,Windows,2.0,577.0,0,0,0,1,Intel Core i3,Nvidia
99,HP,Gaming,12,Windows,2.62,1249.0,1,0,0,1,Intel Core i7,Nvidia
100,HP,Notebook,8,Windows,1.91,719.0,0,0,0,1,Intel Core i7,AMD
101,HP,Notebook,4,Windows,2.1,349.0,0,0,0,1,AMD,AMD
102,Dell,Notebook,8,Linux,2.2,647.0,0,0,0,1,Intel Core i5,AMD
103,HP,Ultrabook,8,Windows,1.38,1119.0,1,0,0,1,Intel Core i7,Nvidia
104,Other,Ultrabook,8,Windows,1.252,1340.0,0,1,0,0,Intel Core i5,Intel
105,HP,Notebook,6,Windows,1.58,659.0,1,0,0,1,Intel Core i5,Nvidia
106,Lenovo,Notebook,4,Windows,1.85,414.9,0,0,0,1,Intel Core i3,Intel
107,Asus,Ultrabook,8,Windows,1.3,1193.0,1,0,0,1,Intel Core i7,Nvidia
108,MSI,Gaming,16,Windows,2.2,1299.0,0,0,0,1,Intel Core i7,Nvidia
109,Lenovo,Notebook,8,Windows,1.58,1480.0,1,0,0,1,Intel Core i7,Intel
110,Asus,Ultrabook,16,Windows,1.5,1262.0,0,0,0,1,Intel Core i7,Nvidia
111,Dell,Ultrabook,8,Windows,1.23,1379.0,0,1,0,0,Intel Core i7,Intel
112,Lenovo,2 in 1 Convertible,8,Windows,1.37,1399.0,1,1,0,1,Intel Core i5,Intel
113,HP,Notebook,4,Windows,1.63,722.0,1,0,0,0,Intel Core i5,Intel
114,Dell,Ultrabook,8,Windows,1.21,1629.0,1,0,0,1,Intel Core i5,Intel
115,HP,2 in 1 Convertible,8,Windows,1.26,1398.99,1,1,0,1,Intel Core i5,Intel
116,HP,Notebook,8,Windows,1.63,1084.0,0,0,0,1,Intel Core i7,Intel
117,Dell,Notebook,8,Windows,2.16,1130.33,1,0,0,1,Intel Core i7,Nvidia
118,Asus,Notebook,4,Windows,2.0,564.0,0,0,0,1,Intel Core i3,Nvidia
119,Asus,Notebook,8,Windows,1.7,1118.0,0,0,0,1,Intel Core i7,Nvidia
120,Acer,Notebook,6,Windows,2.1,479.0,1,1,0,1,Intel Core i3,Intel
121,MSI,Gaming,16,Windows,1.8,2241.5,0,0,0,1,Intel Core i7,Nvidia
122,Lenovo,Notebook,8,other,2.2,629.0,0,0,0,1,Intel Core i5,Nvidia
123,HP,Notebook,16,Windows,2.5,1271.0,0,0,0,1,Intel Core i7,Nvidia
124,Acer,Notebook,4,Windows,2.1,451.0,0,0,0,0,AMD,AMD
125,HP,Notebook,4,other,1.86,259.0,0,0,0,0,Others,Intel
126,HP,Notebook,8,Windows,1.63,812.0,0,0,0,1,Intel Core i5,Intel
127,Asus,Notebook,4,Windows,1.65,277.99,0,0,0,0,AMD,AMD
128,Dell,Notebook,16,Windows,2.8,1396.0,0,0,0,1,Intel Core i7,AMD
129,HP,Notebook,8,Windows,2.5,928.0,0,0,0,1,Intel Core i5,Intel
130,Dell,Notebook,8,Windows,2.36,638.99,0,0,0,0,Intel Core i5,AMD
131,Dell,Notebook,4,Windows,2.2,449.0,0,0,0,1,Intel Core i3,AMD
132,Acer,Ultrabook,8,Windows,1.6,884.0,1,0,0,1,Intel Core i7,Intel
133,Acer,Notebook,4,Windows,2.2,572.0,0,0,0,1,Intel Core i3,Nvidia
134,HP,Notebook,8,Windows,2.05,598.0,0,0,0,0,Intel Core i7,Intel
135,HP,Notebook,8,Windows,1.63,988.0,0,0,0,1,Intel Core i7,Intel
136,Lenovo,Notebook,4,other,1.9,252.36,0,0,0,0,Others,Intel
137,Asus,Gaming,8,Windows,3.0,938.0,0,0,0,1,Intel Core i5,Nvidia
138,Lenovo,Notebook,4,other,2.2,499.0,0,0,0,1,Intel Core i5,Nvidia
139,HP,Notebook,4,Windows,1.32,699.0,1,0,0,1,Intel Core i5,Intel
140,Acer,Notebook,4,Windows,3.0,655.0,1,0,0,1,Intel Core i3,Nvidia
141,Lenovo,Notebook,8,Windows,1.75,1116.02,1,0,0,1,Intel Core i5,AMD
142,Lenovo,Gaming,8,other,2.4,869.0,1,0,0,1,Intel Core i7,Nvidia
143,Toshiba,Notebook,4,Windows,2.1,602.0,0,0,0,0,Intel Core i5,Intel
144,HP,Notebook,4,Windows,1.86,369.0,0,0,0,0,AMD,AMD
145,Asus,Ultrabook,8,Windows,1.25,1099.0,0,0,0,1,Intel Core i7,Intel
146,HP,Ultrabook,8,Windows,0.97,2014.0,1,1,0,0,Others,Intel
147,Asus,Notebook,4,Windows,2.0,344.0,0,0,0,1,Others,Intel
148,MSI,Gaming,16,Windows,2.9,2029.0,0,0,0,1,Intel Core i7,Nvidia
149,Acer,Notebook,4,Windows,2.1,447.0,0,0,0,0,Intel Core i3,Intel
150,Dell,Gaming,16,Windows,2.56,1249.26,0,0,0,1,Intel Core i7,Nvidia
151,Dell,Gaming,8,Windows,2.62,899.0,0,0,0,1,Intel Core i7,Nvidia
152,Lenovo,Notebook,4,Windows,1.9,498.0,0,0,0,0,Intel Core i5,Intel
153,MSI,Gaming,16,Windows,2.8,1890.0,0,0,0,1,Intel Core i7,Nvidia
154,HP,Ultrabook,4,Windows,1.48,1082.0,0,0,0,1,Intel Core i5,Intel
155,HP,Notebook,6,Windows,1.91,619.0,0,0,0,1,Intel Core i5,AMD
156,Lenovo,2 in 1 Convertible,4,Windows,1.74,629.0,1,1,0,1,Intel Core i3,Intel
157,Asus,2 in 1 Convertible,8,Windows,1.1,1315.0,0,1,0,1,Intel Core i5,Intel
158,Dell,2 in 1 Convertible,8,Windows,1.56,1049.0,0,1,0,1,Intel Core i7,Intel
159,Toshiba,Notebook,4,Windows,2.1,447.0,0,0,0,0,Intel Core i3,Intel
160,Asus,Notebook,4,Windows,2.03,403.0,0,0,0,0,AMD,AMD
161,Acer,Notebook,4,Windows,3.0,805.0,1,0,0,1,Intel Core i5,Nvidia
162,Dell,Notebook,8,Windows,2.13,728.0,0,0,0,1,Intel Core i5,AMD
163,Lenovo,Gaming,16,Windows,2.5,1079.0,1,0,0,1,Intel Core i7,Nvidia
164,Acer,Notebook,4,Windows,2.1,348.0,0,0,0,0,Others,Intel
165,MSI,Gaming,16,Windows,2.4,1799.0,1,0,0,1,Intel Core i7,Nvidia
166,Acer,Notebook,4,Windows,2.1,363.51,0,0,0,0,Others,Intel
167,Dell,Gaming,8,Windows,2.56,1060.49,0,0,0,1,Intel Core i7,Nvidia
168,Acer,Notebook,8,Windows,3.0,854.0,1,0,0,1,Intel Core i5,Nvidia
169,HP,Notebook,4,Windows,1.49,754.0,1,0,0,1,Intel Core i5,Intel
170,Other,Ultrabook,8,Windows,1.05,1349.0,1,0,0,1,Intel Core i5,Intel
171,HP,Notebook,6,Windows,2.71,699.0,1,0,0,1,Intel Core i5,AMD
172,Lenovo,Notebook,4,other,2.2,309.0,0,0,0,0,AMD,AMD
173,Toshiba,Notebook,4,Windows,2.0,489.0,0,0,0,0,Intel Core i3,Intel
174,HP,Notebook,8,Windows,2.5,923.0,0,0,0,1,Intel Core i5,Nvidia
175,Dell,Notebook,8,Windows,2.3,459.0,0,0,0,0,Intel Core i3,Intel
176,Acer,Notebook,4,Windows,2.1,449.0,0,0,0,0,Intel Core i3,Intel
177,MSI,Gaming,32,Windows,4.4,2799.0,0,0,0,1,Intel Core i7,Nvidia
178,Lenovo,Notebook,8,Windows,1.9,813.0,0,0,0,1,Intel Core i5,AMD
179,HP,2 in 1 Convertible,8,Windows,1.29,1499.0,1,1,0,0,Intel Core i5,Intel
180,Dell,Notebook,16,Linux,2.02,1049.0,0,0,0,1,Intel Core i7,AMD
181,Dell,Ultrabook,8,Windows,1.23,1399.0,0,0,0,1,Intel Core i5,Intel
182,Lenovo,2 in 1 Convertible,16,Windows,1.4,1849.0,1,1,0,0,Intel Core i7,Intel
183,Toshiba,Notebook,8,Windows,2.0,793.0,0,0,0,0,Intel Core i5,Intel
184,Other,Notebook,8,other,1.95,1199.0,1,0,0,1,Intel Core i5,Nvidia
185,Dell,Notebook,16,Windows,2.77,1549.0,0,1,0,1,Intel Core i7,Nvidia
186,Dell,Notebook,16,Windows,2.06,2397.0,0,1,0,0,Intel Core i7,Nvidia
187,Lenovo,Gaming,8,other,2.4,779.0,1,0,0,1,Intel Core i5,Nvidia
188,Acer,Ultrabook,8,Windows,1.12,989.0,1,0,0,1,Intel Core i5,Intel
189,Dell,Notebook,8,Windows,2.8,1085.0,0,0,0,1,Intel Core i7,AMD
190,Lenovo,2 in 1 Convertible,16,Windows,1.42,2824.0,0,1,0,0,Intel Core i7,Intel
191,Other,Notebook,4,Windows,1.3,260.0,1,0,0,1,Others,Intel
192,Other,Ultrabook,8,other,1.3,999.9,1,0,0,1,Intel Core i5,Nvidia
193,Lenovo,Notebook,8,other,2.8,698.0,0,0,0,0,Intel Core i5,Nvidia
194,Dell,2 in 1 Convertible,8,Windows,1.62,839.0,1,1,0,1,Intel Core i7,Intel
195,HP,Notebook,8,Windows,2.5,914.0,1,0,0,1,Intel Core i5,Nvidia
196,Other,Gaming,32,Windows,3.49,6099.0,0,1,0,0,Intel Core i7,Nvidia
197,HP,Notebook,8,Windows,1.49,959.0,0,0,0,1,Intel Core i5,Intel
198,HP,Gaming,16,Windows,3.35,1379.0,1,0,0,1,Intel Core i7,Nvidia
199,HP,Notebook,8,Windows,2.5,1045.0,0,0,0,1,Intel Core i7,Nvidia
200,Dell,Gaming,16,Windows,2.65,1845.0,1,0,0,0,Intel Core i7,Nvidia
201,Lenovo,Notebook,4,Windows,2.1,493.0,0,0,0,0,Intel Core i5,Intel
202,Acer,Notebook,8,Windows,2.23,742.0,0,0,0,1,Intel Core i7,Nvidia
203,Lenovo,Gaming,16,Windows,3.2,1749.0,1,0,0,1,Intel Core i7,Nvidia
204,Dell,Workstation,16,Windows,2.8,3055.0,0,0,0,0,Others,Nvidia
205,Lenovo,Gaming,16,other,2.4,1398.0,0,0,0,1,Intel Core i7,Nvidia
206,Dell,Notebook,6,Windows,2.3,439.0,0,1,0,0,Intel Core i3,Intel
207,Dell,Ultrabook,8,Windows,1.21,1949.0,1,1,0,0,Intel Core i7,Intel
208,Dell,Ultrabook,8,Windows,1.2,1449.0,0,0,0,1,Intel Core i7,Intel
209,Lenovo,Notebook,8,Windows,2.2,597.0,0,0,0,0,Intel Core i5,Intel
210,Acer,Notebook,8,Linux,2.4,779.0,0,0,0,1,Intel Core i7,Nvidia
211,Asus,Gaming,16,Windows,2.9,1407.0,0,0,0,1,Intel Core i7,Nvidia
212,HP,Notebook,4,other,2.1,349.0,0,0,0,1,Intel Core i3,Intel
213,Lenovo,Notebook,8,other,2.2,549.0,0,0,0,1,Intel Core i5,Intel
214,Other,Ultrabook,8,Windows,1.05,1499.0,1,0,0,1,Intel Core i7,Intel
215,Dell,Ultrabook,8,Windows,1.4,931.88,1,0,0,1,Intel Core i7,AMD
216,Lenovo,Notebook,8,other,2.8,589.0,0,0,0,0,Intel Core i5,Nvidia
217,HP,Notebook,8,Windows,1.63,1031.0,0,0,0,1,Intel Core i7,Nvidia
218,Dell,Ultrabook,8,Windows,1.6,1149.0,0,0,0,1,Intel Core i5,Intel
219,Dell,2 in 1 Convertible,16,Windows,1.62,1279.0,0,1,0,1,Intel Core i7,Intel
220,Dell,Notebook,8,Linux,2.2,677.35,0,0,0,1,Intel Core i5,AMD
221,Lenovo,2 in 1 Convertible,8,Windows,1.74,899.0,1,0,0,1,Intel Core i5,Intel
222,Toshiba,Ultrabook,8,Windows,1.2,1363.0,0,0,0,1,Intel Core i7,Intel
223,HP,Notebook,8,Windows,2.1,794.0,0,0,0,1,Intel Core i5,Intel
224,Dell,Gaming,16,Windows,4.42,2456.34,1,0,0,1,Intel Core i7,Nvidia
225,Acer,Notebook,8,Windows,2.2,832.0,0,0,0,1,Intel Core i7,Nvidia
226,Dell,Notebook,16,Windows,2.3,859.01,0,1,0,1,Intel Core i7,AMD
227,Asus,Notebook,8,Windows,2.0,769.0,0,0,0,1,Intel Core i5,Nvidia
228,Asus,Notebook,8,Windows,2.69,891.0,0,0,0,1,Intel Core i5,Nvidia
229,HP,Notebook,8,Windows,1.9,1269.0,0,0,0,1,Intel Core i7,AMD
230,Asus,Notebook,4,Windows,2.37,398.99,0,0,0,0,Intel Core i3,Intel
231,HP,Notebook,4,Windows,2.1,330.0,0,0,0,0,AMD,AMD
232,Lenovo,Gaming,16,Windows,3.2,1499.0,1,0,0,1,Intel Core i7,Nvidia
233,Dell,Notebook,8,Windows,1.6,859.0,0,0,0,1,Intel Core i5,Intel
234,Acer,2 in 1 Convertible,8,Windows,1.6,689.0,1,1,0,1,Intel Core i5,Intel
235,Dell,Notebook,16,Linux,2.36,899.0,0,0,0,1,Intel Core i7,AMD
236,Acer,Notebook,4,Linux,2.1,390.0,0,0,0,0,Intel Core i3,Intel
237,Asus,Notebook,4,Windows,2.2,575.0,0,0,0,1,AMD,AMD
238,Asus,Gaming,32,Windows,4.7,3890.0,0,0,0,1,Intel Core i7,Nvidia
239,Acer,Gaming,8,Windows,2.5,846.0,1,0,0,1,Intel Core i5,Nvidia
240,Lenovo,Notebook,8,Windows,2.2,589.0,0,0,0,0,Intel Core i3,Intel
241,Asus,Notebook,8,Windows,2.1,1145.0,0,0,0,1,Intel Core i7,Nvidia
242,Asus,Notebook,8,other,2.69,889.0,0,0,0,1,Intel Core i7,Nvidia
243,Dell,Gaming,8,Windows,2.56,879.0,0,0,0,1,Intel Core i5,Nvidia
244,Lenovo,2 in 1 Convertible,8,Windows,1.38,1079.0,1,1,0,1,Intel Core i7,Intel
245,Dell,Notebook,8,Windows,2.2,985.0,0,0,0,1,Intel Core i7,AMD
246,HP,Notebook,8,Windows,2.04,559.0,0,1,0,0,Intel Core i5,Intel
247,Asus,Gaming,16,Windows,3.6,2999.0,0,0,0,1,Intel Core i7,Nvidia
248,HP,Notebook,4,Windows,1.49,675.0,1,0,0,1,Intel Core i5,Intel
249,Apple,Ultrabook,8,MAC,1.37,2040.0,1,0,1,0,Intel Core i5,Intel
250,Dell,2 in 1 Convertible,8,Windows,2.08,819.0,1,1,0,1,Intel Core i7,Intel
251,Asus,Gaming,16,Windows,4.3,1799.0,0,0,0,1,Intel Core i7,Nvidia
252,Asus,Notebook,4,Windows,1.68,469.0,0,0,0,0,AMD,AMD
253,Lenovo,2 in 1 Convertible,8,Windows,1.37,1849.0,1,1,0,1,Intel Core i7,Intel
254,Acer,Notebook,4,Windows,3.0,702.0,1,0,0,1,Intel Core i3,Nvidia
255,Dell,Ultrabook,8,Windows,1.41,949.0,0,0,0,1,Intel Core i5,Intel
256,HP,Notebook,8,Windows,1.91,445.9,0,0,0,0,AMD,AMD
257,HP,Notebook,16,Windows,2.9,1059.0,1,0,0,1,Intel Core i7,Nvidia
258,MSI,Gaming,16,Windows,4.14,2499.0,0,0,0,1,Intel Core i7,Nvidia
259,Lenovo,2 in 1 Convertible,8,Windows,2.0,1699.0,1,1,0,1,Intel Core i7,Nvidia
260,Dell,Notebook,8,Windows,2.8,1142.0,0,0,0,1,Intel Core i7,AMD
261,Lenovo,Notebook,4,other,2.2,444.0,0,0,0,1,Intel Core i3,Intel
262,HP,Notebook,4,Windows,2.1,722.0,1,0,0,1,Intel Core i5,Intel
263,Dell,Notebook,4,Windows,2.18,657.0,0,0,0,1,Intel Core i5,Intel
264,Dell,Notebook,8,Windows,2.24,565.0,0,0,0,1,Intel Core i5,AMD
265,Dell,2 in 1 Convertible,8,Windows,2.67,799.0,0,1,0,1,Intel Core i5,Intel
266,Asus,2 in 1 Convertible,8,Windows,1.1,1499.0,0,1,0,1,Intel Core i7,Intel
267,Lenovo,Notebook,4,other,2.2,467.0,0,0,0,1,Intel Core i5,Intel
268,HP,Notebook,8,Windows,2.5,1018.0,0,0,0,1,Intel Core i7,Nvidia
269,Lenovo,Notebook,8,Windows,2.05,880.0,0,0,0,1,Intel Core i7,Intel
270,Apple,Ultrabook,8,MAC,1.37,1958.9,1,0,1,0,Intel Core i5,Intel
271,Asus,Gaming,16,Windows,3.2,1549.0,0,0,0,1,AMD,AMD
272,Dell,Notebook,8,Linux,2.14,735.07,0,0,0,1,Intel Core i7,AMD
273,Lenovo,2 in 1 Convertible,16,Windows,1.36,2499.0,0,1,0,0,Intel Core i7,Intel
274,Toshiba,Notebook,8,Windows,2.2,812.0,0,0,0,0,Intel Core i7,Nvidia
275,Dell,Notebook,12,Windows,2.3,713.07,0,0,0,0,Intel Core i7,Intel
276,Dell,Notebook,8,Linux,2.8,1099.0,0,0,0,1,Intel Core i7,AMD
277,Acer,Notebook,8,Windows,2.2,745.0,1,0,0,1,Intel Core i7,Nvidia
278,Lenovo,Notebook,4,Windows,2.8,489.0,0,0,0,0,Intel Core i3,Intel
279,Lenovo,Notebook,8,other,2.8,849.0,0,0,0,1,Intel Core i7,Nvidia
280,Lenovo,Notebook,6,Windows,2.8,859.0,0,0,0,0,Intel Core i7,Nvidia
281,Dell,Notebook,4,Linux,2.25,428.0,0,0,0,1,Intel Core i3,AMD
282,Lenovo,Gaming,8,Windows,2.5,829.0,1,0,0,1,Intel Core i5,Nvidia
283,Lenovo,Notebook,6,Windows,2.2,579.0,0,0,0,1,Intel Core i5,Intel
284,Acer,Notebook,8,Windows,3.0,951.0,1,0,0,1,Intel Core i7,Nvidia
285,Acer,Notebook,12,Windows,2.15,659.0,1,1,0,1,Intel Core i7,Intel
286,Lenovo,Notebook,8,Windows,1.95,1097.0,1,0,0,1,Intel Core i7,Intel
287,Asus,Ultrabook,8,Windows,1.7,977.0,0,0,0,1,Intel Core i5,Nvidia
288,Lenovo,Gaming,16,Windows,2.5,1179.0,1,0,0,1,Intel Core i7,Nvidia
289,Lenovo,Notebook,8,other,2.2,659.01,0,0,0,1,Intel Core i7,Nvidia
290,Acer,Notebook,2,other,2.19,199.0,0,0,0,0,Others,Intel
291,Asus,Gaming,8,Windows,3.0,1187.0,0,0,0,1,Intel Core i7,Nvidia
292,HP,Notebook,8,Windows,2.54,489.0,0,0,0,0,Intel Core i3,Intel
293,Dell,Notebook,8,Windows,2.0,1829.0,0,0,0,1,Intel Core i7,Nvidia
294,Lenovo,Notebook,8,Windows,2.05,739.0,0,0,0,1,Intel Core i5,Intel
295,Lenovo,Gaming,8,Windows,3.2,1299.0,1,0,0,1,Intel Core i7,Nvidia
296,Acer,Notebook,8,Linux,2.5,979.0,0,0,0,1,Intel Core i7,Nvidia
297,Dell,Workstation,16,Windows,3.42,2884.86,0,0,0,1,Intel Core i7,Nvidia
298,Lenovo,Notebook,6,Windows,2.4,499.0,0,0,0,1,AMD,AMD
299,Asus,Ultrabook,16,Windows,1.63,1468.0,0,0,0,1,Intel Core i7,Nvidia
300,Asus,Notebook,4,Windows,1.3,509.0,0,0,0,0,Intel Core i3,Intel
301,Asus,Gaming,16,Windows,2.9,2122.0,0,0,0,1,Intel Core i7,Nvidia
302,Lenovo,Notebook,6,Windows,2.8,649.0,0,0,0,0,Intel Core i5,Nvidia
303,Lenovo,Notebook,8,other,2.2,549.0,0,0,0,0,Intel Core i5,Nvidia
304,Asus,Gaming,8,Windows,2.5,1265.0,0,0,0,1,Intel Core i7,Nvidia
305,Lenovo,Notebook,4,other,2.2,359.99,0,0,0,0,Others,Intel
306,HP,2 in 1 Convertible,16,Windows,1.28,1975.0,0,1,0,1,Intel Core i7,Intel
307,Toshiba,Notebook,8,Windows,2.2,1043.0,1,0,0,1,Intel Core i7,Nvidia
308,Lenovo,Notebook,8,Windows,2.3,819.0,0,0,0,1,Intel Core i5,Nvidia
309,HP,Notebook,4,Windows,1.86,469.0,0,0,0,1,Intel Core i3,Intel
310,Lenovo,Notebook,8,Windows,1.1,999.0,1,0,0,1,Intel Core i5,Intel
311,Dell,Ultrabook,16,Windows,1.21,2499.0,1,1,0,0,Intel Core i7,Intel
312,MSI,Gaming,16,Windows,2.8,2099.0,1,0,0,1,Intel Core i7,Nvidia
313,Acer,Notebook,8,Windows,2.23,469.0,0,0,0,1,AMD,AMD
314,Asus,2 in 1 Convertible,2,Windows,1.1,275.0,0,1,0,0,Others,Intel
315,Dell,Notebook,8,Windows,2.33,844.0,0,0,0,1,Intel Core i5,AMD
316,HP,2 in 1 Convertible,16,Windows,1.29,2449.0,1,1,0,0,Intel Core i7,Intel
317,Lenovo,Notebook,4,other,1.45,459.9,0,0,0,0,Others,Intel
318,HP,Notebook,8,Windows,1.95,980.0,0,0,0,1,Intel Core i5,Intel
319,Acer,Notebook,4,Windows,1.4,485.0,0,0,0,0,Others,Intel
320,HP,Notebook,8,Windows,1.48,1292.0,0,0,0,1,Intel Core i7,Intel
321,Lenovo,Notebook,4,Windows,2.79,589.0,0,0,0,0,Intel Core i5,Nvidia
322,Asus,Notebook,8,Windows,2.0,1094.0,0,0,0,1,Intel Core i7,Intel
323,HP,Notebook,8,Windows,2.1,902.0,1,0,0,1,Intel Core i7,Intel
324,Acer,Notebook,8,Windows,2.2,659.0,0,0,0,0,AMD,AMD
325,Lenovo,Notebook,4,Windows,1.44,292.0,0,0,0,0,Others,Intel
326,Acer,Notebook,6,Windows,2.23,549.0,0,0,0,0,Intel Core i5,Intel
327,Asus,Ultrabook,8,Windows,1.7,1049.9,0,0,0,1,Intel Core i7,Nvidia
328,HP,Ultrabook,8,Windows,1.26,1335.0,0,0,0,1,Intel Core i7,Intel
329,Dell,Notebook,32,Windows,2.06,2639.0,0,1,0,0,Intel Core i7,Nvidia
330,MSI,Gaming,8,Windows,2.7,1199.0,0,0,0,1,Intel Core i7,Nvidia
331,Toshiba,Notebook,8,Windows,2.0,943.0,1,0,0,1,Intel Core i5,Intel
332,Asus,Notebook,8,Windows,2.0,1334.0,0,0,0,1,Intel Core i7,Intel
333,Lenovo,Notebook,4,Windows,1.85,449.0,0,0,0,1,Intel Core i3,Intel
334,Asus,Gaming,8,Windows,2.5,999.0,0,0,0,1,Intel Core i7,Nvidia
335,HP,Notebook,8,Windows,1.48,1268.0,0,0,0,1,Intel Core i5,Intel
336,Dell,Ultrabook,8,Windows,1.9,1049.0,1,0,0,1,Intel Core i5,Nvidia
337,HP,Notebook,8,Windows,1.84,1144.0,0,0,0,1,Intel Core i5,Intel
338,Asus,Notebook,4,Linux,2.0,274.99,0,0,0,0,Others,Intel
339,Dell,Notebook,8,Windows,2.0,1142.75,0,0,0,1,Intel Core i5,Nvidia
340,Dell,Notebook,4,Linux,2.2,274.9,0,0,0,0,Others,Intel
341,Lenovo,Notebook,12,Windows,2.2,899.0,0,0,0,1,AMD,AMD
342,HP,Notebook,8,Windows,2.1,716.0,1,0,0,1,Intel Core i3,Nvidia
343,Lenovo,2 in 1 Convertible,16,Windows,1.4,2099.0,1,1,0,0,Intel Core i7,Intel
344,Dell,Ultrabook,8,Windows,1.2,1579.0,0,0,0,1,Intel Core i7,Intel
345,Lenovo,Gaming,16,Windows,2.4,1129.0,1,0,0,1,Intel Core i7,Nvidia
346,HP,Notebook,2,Windows,1.44,279.0,0,0,0,0,Others,Intel
347,Dell,Ultrabook,16,Windows,1.88,1607.96,0,0,0,1,Intel Core i7,Intel
348,Asus,2 in 1 Convertible,4,Windows,1.5,375.0,0,1,0,0,Others,Intel
349,Dell,Ultrabook,8,Windows,1.9,663.0,0,0,0,1,Intel Core i5,AMD
350,Dell,Notebook,16,Windows,2.06,2027.42,0,1,0,0,Intel Core i7,Nvidia
351,HP,Notebook,8,Windows,1.84,1304.0,0,0,0,1,Intel Core i7,Intel
352,MSI,Gaming,8,Windows,2.7,1409.0,0,0,0,1,Intel Core i7,Nvidia
353,HP,Workstation,8,Windows,2.6,1738.27,0,0,0,1,Intel Core i7,Nvidia
354,Toshiba,Notebook,16,Windows,2.4,1403.0,1,0,0,1,Intel Core i7,Nvidia
355,Dell,Notebook,8,Windows,2.02,970.9,0,0,0,1,Intel Core i7,AMD
356,Lenovo,Notebook,4,other,2.2,321.99,0,0,0,0,Others,Intel
357,Dell,Gaming,8,Windows,2.65,999.0,0,0,0,1,Intel Core i5,Nvidia
358,Dell,Notebook,8,Windows,2.36,557.37,0,1,0,0,Intel Core i5,Intel
359,Dell,Notebook,8,Windows,1.36,1427.0,0,0,0,1,Intel Core i5,Intel
360,HP,Notebook,4,Windows,1.86,439.0,0,0,0,0,Intel Core i3,Intel
361,Asus,Notebook,8,Windows,2.0,945.0,0,0,0,1,Intel Core i5,Intel
362,Lenovo,Notebook,6,Windows,2.8,719.0,0,0,0,0,Intel Core i5,Nvidia
363,HP,Notebook,8,Windows,1.86,639.0,0,0,0,1,Intel Core i5,Intel
364,Lenovo,Notebook,8,other,2.2,499.0,0,0,0,0,Intel Core i3,Nvidia
365,HP,Notebook,8,Windows,2.04,389.0,0,0,0,0,Others,Intel
366,Dell,Notebook,8,Windows,2.8,1085.0,0,0,0,1,Intel Core i5,AMD
367,Lenovo,Gaming,8,other,2.4,809.0,1,0,0,1,Intel Core i5,Nvidia
368,Dell,Notebook,8,Windows,2.33,899.0,0,0,0,1,Intel Core i7,AMD
369,HP,Ultrabook,8,Windows,1.36,1750.0,1,0,0,1,Intel Core i7,Intel
370,Asus,2 in 1 Convertible,12,Windows,2.26,1099.0,0,1,0,1,Intel Core i7,Nvidia
371,Acer,Notebook,4,Windows,2.1,426.0,0,0,0,0,AMD,AMD
372,Asus,Gaming,16,Windows,3.25,2199.0,1,0,0,1,AMD,AMD
373,Lenovo,Notebook,4,Windows,2.6,489.0,0,0,0,0,AMD,AMD
374,Dell,2 in 1 Convertible,8,Windows,1.62,869.01,0,1,0,1,Intel Core i7,Intel
375,HP,Notebook,4,Windows,1.91,488.99,0,0,0,1,AMD,AMD
376,Lenovo,Netbook,4,Windows,1.59,553.0,1,0,0,0,Others,Intel
377,Dell,Notebook,4,Windows,1.8,309.0,0,0,0,0,Others,Intel
378,Asus,Notebook,4,Windows,1.5,286.0,0,0,0,0,Others,Intel
379,Acer,Notebook,8,Linux,2.4,846.0,0,0,0,1,Intel Core i7,Nvidia
380,HP,Gaming,8,Windows,3.35,1191.0,1,0,0,1,Intel Core i7,Nvidia
381,Lenovo,Notebook,4,other,1.85,403.5,0,0,0,1,Intel Core i3,Intel
382,Asus,Gaming,8,Windows,2.3,1655.0,1,0,0,1,Intel Core i7,Nvidia
383,Lenovo,Notebook,8,Windows,1.5,1099.0,1,0,0,1,Intel Core i5,Nvidia
384,Asus,Ultrabook,16,Windows,1.1,1748.9,0,1,0,1,Intel Core i7,Intel
385,Lenovo,Ultrabook,8,Windows,1.13,2282.0,1,0,0,0,Intel Core i7,Intel
386,Lenovo,Notebook,4,Windows,1.5,549.0,1,0,0,1,Intel Core i3,Intel
387,Dell,Workstation,8,Windows,2.23,1369.0,0,0,0,1,Intel Core i5,AMD
388,Dell,Workstation,8,Windows,2.0,2135.0,1,0,0,1,Intel Core i7,Nvidia
389,Lenovo,2 in 1 Convertible,16,Windows,1.42,2509.0,0,1,0,0,Intel Core i7,Intel
390,Asus,Gaming,8,Windows,3.0,1039.0,0,0,0,1,Intel Core i7,Nvidia
391,Asus,Gaming,16,Windows,3.0,1591.0,0,0,0,1,Intel Core i7,Nvidia
392,Acer,Notebook,12,Windows,2.2,693.99,1,0,0,0,Intel Core i5,Nvidia
393,MSI,Gaming,8,Windows,2.7,1349.0,0,0,0,1,Intel Core i7,Nvidia
394,Dell,Notebook,8,Linux,2.33,778.87,0,0,0,1,Intel Core i7,AMD
395,HP,Ultrabook,4,Windows,1.91,499.0,0,0,0,1,AMD,AMD
396,Lenovo,Notebook,8,Windows,2.1,1229.56,1,0,0,1,Intel Core i7,AMD
397,Lenovo,Notebook,8,Windows,1.9,938.0,1,0,0,1,Intel Core i5,Intel
398,Dell,Workstation,8,Windows,1.78,2712.0,0,1,0,0,Intel Core i7,Nvidia
399,Lenovo,Ultrabook,16,Windows,1.13,2625.0,1,0,0,0,Intel Core i7,Intel
400,Lenovo,Notebook,4,Windows,2.2,306.0,0,0,0,0,Others,Intel
401,Asus,Gaming,16,Windows,2.9,1529.0,0,0,0,1,Intel Core i7,Nvidia
402,Lenovo,Notebook,8,Windows,2.1,1144.5,1,0,0,1,Intel Core i5,AMD
403,Acer,Notebook,8,Linux,2.5,879.0,0,0,0,1,Intel Core i7,Nvidia
404,MSI,Gaming,16,Windows,2.8,2249.0,0,0,0,1,Intel Core i7,Nvidia
405,Asus,Ultrabook,8,Windows,1.1,1873.0,0,0,0,1,Intel Core i7,Intel
406,Toshiba,Ultrabook,16,Windows,1.2,1747.0,0,0,0,1,Intel Core i7,Intel
407,Dell,Ultrabook,8,Windows,1.36,1680.0,0,0,0,1,Intel Core i7,Intel
408,Lenovo,Notebook,4,Windows,2.2,409.0,0,0,0,1,Intel Core i3,Intel
409,Lenovo,Notebook,2,Windows,1.15,304.45,0,0,0,0,Others,Intel
410,Lenovo,Workstation,8,Windows,2.67,1925.0,0,0,0,1,Intel Core i7,Nvidia
411,Lenovo,Ultrabook,8,Windows,1.7,1943.0,1,0,0,1,Intel Core i7,Nvidia
412,HP,Notebook,4,Windows,2.1,469.0,0,0,0,1,Intel Core i3,AMD
413,Acer,2 in 1 Convertible,8,Windows,1.6,789.01,1,1,0,1,Intel Core i7,Intel
414,Asus,2 in 1 Convertible,8,Windows,1.27,928.0,1,1,0,1,Intel Core i5,Intel
415,Dell,Notebook,4,Linux,2.3,598.9,0,0,0,1,Intel Core i5,AMD
416,Dell,Notebook,4,Windows,1.65,689.0,0,0,0,0,Intel Core i3,Intel
417,HP,Ultrabook,8,Windows,1.43,1500.0,0,0,0,1,Intel Core i7,Intel
418,Dell,Notebook,8,Windows,2.14,539.95,0,0,0,0,Intel Core i5,Intel
419,Lenovo,Ultrabook,8,Windows,1.75,1215.38,1,0,0,1,Intel Core i7,AMD
420,Lenovo,2 in 1 Convertible,16,Windows,2.0,1899.0,1,1,0,0,Intel Core i7,Nvidia
421,Other,Notebook,6,Windows,1.4,449.0,1,0,1,0,Others,Intel
422,HP,Notebook,8,Windows,2.31,1427.0,0,0,0,1,Intel Core i7,Intel
423,Asus,Notebook,8,Linux,2.3,597.0,0,0,0,1,Intel Core i3,Nvidia
424,Dell,Gaming,16,Windows,4.42,2799.0,1,0,0,0,Intel Core i7,Nvidia
425,Dell,Gaming,8,Windows,2.62,1159.0,1,0,0,1,Intel Core i7,Nvidia
426,Dell,Notebook,8,Windows,2.02,1142.4,0,0,0,1,Intel Core i7,AMD
427,Dell,Ultrabook,8,Linux,1.6,1099.0,0,0,0,1,Intel Core i7,Intel
428,HP,Gaming,12,Windows,3.35,1999.0,0,0,0,1,Intel Core i7,Nvidia
429,Other,2 in 1 Convertible,4,Windows,1.16,299.0,1,1,0,1,Others,Intel
430,Other,Netbook,4,other,1.15,269.0,0,0,0,0,Others,Intel
431,Lenovo,Notebook,8,Windows,1.4,1010.0,1,0,0,1,Intel Core i7,Intel
432,Lenovo,Notebook,4,Windows,1.7,599.0,1,0,0,1,Intel Core i3,Intel
433,Lenovo,Workstation,16,Windows,2.3,2445.0,1,0,0,0,Intel Core i7,Nvidia
434,Lenovo,Notebook,16,Windows,2.5,2449.0,0,0,0,1,Intel Core i7,Nvidia
435,Asus,Gaming,8,Windows,3.2,1695.0,0,0,0,1,AMD,AMD
436,HP,Notebook,4,Windows,2.1,347.0,0,0,0,0,Others,Intel
437,Other,Ultrabook,16,other,1.1,2199.0,0,1,0,0,Intel Core i7,Intel
438,Lenovo,Ultrabook,24,Windows,1.32,2382.0,0,0,0,0,Intel Core i7,Intel
439,Asus,Notebook,4,Linux,2.0,559.0,0,0,0,1,Intel Core i5,Intel
440,Lenovo,Notebook,8,Windows,2.8,519.0,0,0,0,0,AMD,AMD
441,Dell,Notebook,4,Windows,2.2,749.0,0,0,0,1,Intel Core i5,AMD
442,Lenovo,Ultrabook,8,Windows,1.36,1429.0,1,0,0,1,Intel Core i5,Intel
443,Lenovo,Notebook,4,Windows,2.2,349.0,0,0,0,1,Others,Intel
444,HP,Gaming,8,Windows,2.2,1099.0,1,0,0,1,Intel Core i7,Nvidia
445,Dell,Notebook,8,Windows,1.64,1179.0,0,0,0,1,Intel Core i5,Nvidia
446,Acer,Notebook,4,Linux,2.4,441.8,0,0,0,0,Intel Core i5,Intel
447,Dell,Workstation,8,Windows,2.23,1993.0,0,0,0,1,Others,Nvidia
448,MSI,Gaming,8,Windows,2.2,1027.74,0,0,0,1,Intel Core i5,Nvidia
449,Other,Ultrabook,16,Windows,1.25,2589.0,0,1,0,0,Intel Core i7,Intel
450,HP,Notebook,8,Windows,1.91,589.0,0,0,0,0,Intel Core i5,Intel
451,Dell,Workstation,16,Windows,2.17,1975.0,1,0,0,1,Intel Core i7,Nvidia
452,HP,Workstation,8,Windows,2.31,1534.0,1,0,0,1,Intel Core i7,Intel
453,Lenovo,Notebook,8,Windows,1.65,1345.0,0,0,0,1,Intel Core i5,Intel
454,Dell,Notebook,8,Windows,2.36,979.0,0,0,0,1,Intel Core i7,AMD
455,Dell,2 in 1 Convertible,4,Windows,1.47,479.0,0,1,0,0,Others,Intel
456,Dell,Notebook,8,Windows,4.42,2046.0,1,0,0,1,Intel Core i7,Nvidia
457,Other,Ultrabook,4,Windows,1.252,989.0,0,1,0,0,Others,Intel
458,Other,Ultrabook,8,Windows,1.25,1799.0,0,1,0,0,Intel Core i7,Intel
459,HP,Notebook,8,Windows,2.5,639.9,0,0,0,0,Intel Core i3,Intel
460,Acer,Notebook,4,Windows,2.23,544.0,0,0,0,1,Intel Core i3,Nvidia
461,Acer,Netbook,4,Windows,1.4,435.0,0,0,0,0,Others,Intel
462,Asus,Notebook,8,Windows,2.37,749.0,0,0,0,1,Intel Core i5,Intel
463,Lenovo,Notebook,8,other,1.5,799.0,1,0,0,1,Intel Core i7,AMD
464,Lenovo,Notebook,8,Windows,2.67,2090.0,0,0,0,1,Intel Core i7,Nvidia
465,Asus,Notebook,4,Windows,2.0,304.0,0,0,0,0,Others,Intel
466,Acer,Notebook,4,Windows,2.2,469.0,0,0,0,0,Intel Core i3,Nvidia
467,Dell,Notebook,8,Windows,2.02,759.0,0,0,0,1,Intel Core i5,AMD
468,HP,Gaming,12,Windows,3.78,1699.0,1,0,0,1,Intel Core i7,Nvidia
469,Lenovo,Ultrabook,12,Windows,1.4,1858.0,1,0,0,0,Intel Core i7,Intel
470,HP,2 in 1 Convertible,8,Windows,1.29,1999.0,1,1,0,0,Intel Core i7,Intel
471,HP,Notebook,8,Windows,1.9,1154.0,0,0,0,1,Intel Core i5,AMD
472,Other,Ultrabook,8,other,1.1,1275.0,0,1,0,0,Intel Core i5,Intel
473,Dell,Ultrabook,8,Windows,1.42,1841.85,0,1,0,1,Intel Core i5,Intel
474,Asus,Notebook,12,Windows,2.06,1299.0,1,0,0,0,Intel Core i7,Intel
475,Dell,Notebook,8,Windows,1.79,740.0,0,0,0,0,Intel Core i3,Intel
476,Dell,Workstation,8,Windows,1.78,2408.0,0,0,0,1,Intel Core i7,Nvidia
477,Lenovo,Notebook,8,Windows,1.7,1364.0,0,0,0,1,Intel Core i5,Intel
478,Dell,Notebook,8,Windows,2.2,675.0,0,0,0,1,Intel Core i5,AMD
479,Toshiba,Notebook,8,Windows,1.05,1672.0,1,0,0,1,Intel Core i5,Intel
480,Dell,Notebook,8,Windows,2.16,1262.0,1,0,0,1,Intel Core i7,Nvidia
481,Dell,Notebook,4,Windows,2.18,586.6,0,0,0,0,Intel Core i3,Intel
482,HP,Notebook,4,Windows,1.49,726.0,1,0,0,1,Intel Core i5,Intel
483,Other,Notebook,4,Windows,1.89,248.9,0,0,0,1,Others,Intel
484,Lenovo,Notebook,4,Windows,2.3,565.0,0,0,0,0,Intel Core i3,Intel
485,Lenovo,Notebook,8,Windows,1.75,1049.0,1,0,0,1,Intel Core i5,Intel
486,Dell,Workstation,16,Windows,2.17,2338.0,1,0,0,1,Intel Core i7,Nvidia
487,Dell,Notebook,16,Windows,2.06,1899.0,0,0,0,1,Intel Core i7,Nvidia
488,Lenovo,Ultrabook,16,Windows,1.36,1798.0,1,0,0,1,Intel Core i7,Intel
489,Asus,Ultrabook,16,Windows,0.91,1950.0,0,0,0,1,Intel Core i7,Intel
490,Lenovo,Notebook,8,Windows,2.3,1011.99,1,0,0,1,Intel Core i5,Nvidia
491,Toshiba,Ultrabook,32,Windows,1.05,2799.0,0,1,0,1,Intel Core i7,Intel
492,Asus,Gaming,8,Windows,1.99,1350.0,0,0,0,1,Intel Core i7,Nvidia
493,Acer,Notebook,8,Windows,2.2,579.0,0,0,0,0,AMD,AMD
494,Asus,Gaming,24,Windows,4.33,1269.0,1,1,0,1,Intel Core i7,Nvidia
495,Lenovo,Ultrabook,8,Windows,1.3,1099.0,1,0,0,0,Intel Core i5,Intel
496,Lenovo,Notebook,8,Windows,2.17,898.9,0,0,0,1,Intel Core i7,Intel
497,HP,Notebook,8,Windows,1.48,1749.0,0,0,0,1,Intel Core i7,Intel
498,Lenovo,Notebook,8,Windows,1.4,949.0,1,0,0,1,Intel Core i3,Intel
499,Lenovo,Notebook,8,Windows,2.3,911.0,1,0,0,1,Intel Core i5,Intel
500,Asus,Netbook,4,Windows,1.2,340.0,0,0,0,0,Others,Intel
501,HP,Notebook,8,Windows,1.91,618.99,0,0,0,0,Intel Core i5,AMD
502,Lenovo,2 in 1 Convertible,8,Windows,1.4,1599.0,1,1,0,1,Intel Core i5,Intel
503,Lenovo,Notebook,4,Windows,2.1,299.0,0,0,0,0,Others,Intel
504,Lenovo,Netbook,4,other,1.25,265.0,0,0,0,0,Others,Intel
505,Lenovo,Notebook,8,Windows,1.44,949.0,0,0,0,1,Intel Core i5,Intel
506,Asus,Notebook,8,Windows,2.0,1224.0,0,0,0,1,Intel Core i7,Intel
507,Acer,Notebook,4,Windows,2.2,613.0,1,0,0,1,Intel Core i5,Nvidia
508,HP,Ultrabook,8,Windows,1.34,1323.0,1,0,0,1,Intel Core i7,Intel
509,Lenovo,Gaming,8,other,2.4,1149.0,1,0,0,1,Intel Core i7,Nvidia
510,Dell,Ultrabook,8,Windows,1.29,899.0,1,1,0,1,Intel Core i5,Intel
511,Acer,Notebook,4,Windows,2.2,639.0,0,0,0,1,Intel Core i7,Nvidia
512,Dell,Notebook,8,Windows,2.18,836.0,0,0,0,1,Intel Core i5,Intel
513,Dell,Notebook,16,Windows,2.2,1219.24,0,0,0,1,Intel Core i7,AMD
514,Other,Notebook,16,other,1.95,1399.95,1,0,0,1,Intel Core i7,Nvidia
515,Asus,Netbook,2,Windows,1.1,245.0,0,0,0,0,Others,Intel
516,HP,Notebook,4,Windows,2.04,521.47,0,1,0,0,Intel Core i5,Intel
517,Asus,Gaming,24,Windows,2.24,2968.0,0,0,0,1,Intel Core i7,Nvidia
518,HP,Notebook,8,Windows,2.04,889.0,0,0,0,1,Intel Core i5,Nvidia
519,Asus,Gaming,16,Windows,3.0,1504.0,0,0,0,1,Intel Core i7,Nvidia
520,Lenovo,Gaming,8,Windows,3.2,1399.0,1,0,0,1,Intel Core i7,Nvidia
521,HP,Ultrabook,8,Windows,1.32,1399.0,1,0,0,1,Intel Core i7,Intel
522,Dell,Notebook,8,Windows,1.64,1279.73,0,0,0,1,Intel Core i5,Intel
523,HP,Notebook,4,Windows,1.63,689.0,0,0,0,0,Intel Core i3,Intel
524,Dell,Notebook,8,Linux,2.8,889.0,1,0,0,1,Intel Core i5,AMD
525,Lenovo,Notebook,8,Windows,2.02,1340.0,0,0,0,1,Intel Core i5,Intel
526,Lenovo,Notebook,4,Windows,2.2,799.0,0,0,0,1,Intel Core i7,Nvidia
527,Lenovo,Notebook,8,other,2.2,459.0,0,0,0,0,Intel Core i3,Nvidia
528,Dell,Notebook,4,Windows,2.3,585.0,0,0,0,1,Intel Core i5,AMD
529,Dell,Notebook,8,Windows,1.9,1377.0,0,0,0,1,Intel Core i5,Intel
530,Dell,Gaming,16,Windows,4.42,3012.77,1,0,0,1,Intel Core i7,Nvidia
531,Toshiba,Notebook,8,Windows,2.0,860.0,1,0,0,1,Intel Core i5,Intel
532,Asus,Notebook,8,Windows,2.0,1299.0,1,0,0,0,Intel Core i7,Nvidia
533,Other,Notebook,4,Windows,1.2,369.0,1,0,0,1,Others,Intel
534,Asus,Gaming,8,Windows,2.3,1649.0,1,0,0,1,Intel Core i5,Nvidia
535,Dell,Notebook,8,Windows,1.93,1369.0,0,0,0,1,Intel Core i7,Nvidia
536,Dell,Notebook,8,Windows,2.2,797.41,0,0,0,1,Intel Core i5,AMD
537,HP,Notebook,4,Windows,1.86,398.99,0,0,0,1,Others,Intel
538,HP,Gaming,12,Windows,2.62,1799.0,0,0,0,1,Intel Core i7,Nvidia
539,Lenovo,Notebook,8,Windows,1.87,859.0,1,0,0,1,Intel Core i7,Nvidia
540,Dell,Ultrabook,8,Windows,1.2,1399.0,0,1,0,0,Intel Core i7,Intel
541,Dell,Notebook,4,Windows,1.6,735.87,0,0,0,1,Intel Core i3,Intel
542,HP,Ultrabook,8,Windows,1.34,1145.0,1,0,0,0,Intel Core i7,Intel
543,Acer,Gaming,8,Linux,2.4,798.0,0,0,0,1,Intel Core i5,Nvidia
544,Asus,Notebook,4,Windows,2.0,349.0,0,0,0,0,AMD,AMD
545,HP,Notebook,4,Windows,2.1,705.5,0,0,0,1,Intel Core i3,Intel
546,Lenovo,Notebook,4,Windows,1.87,785.0,0,0,0,1,Intel Core i5,Intel
547,Lenovo,Notebook,4,other,2.15,462.35,0,0,0,1,Intel Core i5,Intel
548,HP,Notebook,4,Windows,1.86,397.0,0,0,0,1,Intel Core i3,Intel
549,Lenovo,Notebook,8,Windows,1.99,1729.0,1,0,0,1,Intel Core i7,Intel
550,Lenovo,Notebook,4,Windows,2.2,499.0,0,0,0,1,Intel Core i3,Intel
551,Dell,Notebook,8,Windows,1.9,1116.99,0,0,0,1,Intel Core i5,Intel
552,Dell,Gaming,16,Windows,4.42,2699.0,1,0,0,1,Intel Core i7,Nvidia
553,HP,Notebook,8,Windows,2.65,544.15,0,0,0,0,Intel Core i3,Intel
554,HP,Notebook,8,Windows,2.63,1280.0,0,0,0,1,Intel Core i7,Nvidia
555,Asus,Notebook,4,Linux,2.0,224.0,0,0,0,0,Others,Intel
556,Other,Notebook,4,Windows,1.35,255.0,1,0,0,1,Others,Intel
557,Lenovo,Notebook,6,Windows,2.8,949.0,0,0,0,0,Intel Core i7,Nvidia
558,HP,Notebook,6,Windows,1.91,568.9,1,0,0,1,AMD,AMD
559,Dell,Notebook,4,Windows,2.18,617.9,0,0,0,0,Intel Core i3,AMD
560,Acer,2 in 1 Convertible,4,Windows,1.25,349.0,1,1,0,1,Others,Intel
561,Lenovo,Notebook,4,Windows,2.05,630.0,0,0,0,1,Intel Core i3,Intel
562,HP,Ultrabook,16,Windows,1.16,1965.0,1,1,0,0,Others,Intel
563,Lenovo,Notebook,8,Windows,3.4,2999.0,1,0,0,1,Intel Core i7,Nvidia
564,Asus,Notebook,8,Windows,2.5,839.0,0,0,0,1,Intel Core i5,Nvidia
565,Dell,Ultrabook,8,Windows,1.21,1599.0,1,1,0,0,Intel Core i5,Intel
566,Dell,Notebook,4,Windows,1.93,959.0,0,0,0,0,Intel Core i5,Intel
567,Other,Notebook,8,Windows,2.2,739.0,0,0,0,0,Intel Core i5,Intel
568,Lenovo,Notebook,4,Windows,2.2,344.0,0,0,0,1,Others,Intel
569,Lenovo,Notebook,4,Windows,2.02,990.0,0,0,0,0,Intel Core i5,Intel
570,HP,Workstation,8,Windows,3.14,1860.99,0,0,0,0,Intel Core i5,Nvidia
571,HP,Notebook,8,Windows,1.94,389.0,0,0,0,0,Others,Intel
572,HP,Notebook,6,Windows,1.95,649.0,1,0,0,1,AMD,AMD
573,Lenovo,Notebook,8,Windows,2.3,830.0,0,0,0,1,Intel Core i5,Intel
574,Lenovo,Notebook,4,Windows,2.05,685.0,0,0,0,1,Intel Core i5,Intel
575,Other,Notebook,4,Windows,1.4,249.0,0,0,0,1,Others,Intel
576,Toshiba,Ultrabook,16,Windows,1.24,1865.0,0,1,0,1,Intel Core i7,Intel
577,Lenovo,Gaming,32,Windows,4.6,2663.0,1,0,0,1,Intel Core i7,Nvidia
578,MSI,Gaming,16,Windows,4.14,2729.0,0,0,0,1,Intel Core i7,Nvidia
579,Dell,Notebook,8,Linux,2.2,749.01,0,0,0,1,Intel Core i7,AMD
580,Other,Notebook,4,Windows,1.45,389.0,1,0,0,1,Others,Intel
581,Dell,Notebook,8,Windows,1.9,1008.52,0,0,0,0,Intel Core i5,Intel
582,HP,Notebook,4,Windows,1.49,719.0,0,0,0,1,Intel Core i3,Intel
583,Dell,Notebook,16,Windows,1.93,1537.39,0,0,0,1,Intel Core i7,Nvidia
584,Dell,Netbook,4,other,1.26,295.0,0,0,0,0,Others,Intel
585,MSI,Gaming,16,Windows,4.5,2349.0,0,0,0,1,Intel Core i7,Nvidia
586,HP,Gaming,16,Windows,3.78,1498.0,1,0,0,1,Intel Core i7,Nvidia
587,Lenovo,Ultrabook,12,Windows,1.4,1673.0,1,0,0,1,Intel Core i7,Intel
588,Lenovo,Notebook,12,Windows,2.2,609.0,0,1,0,0,Intel Core i7,Intel
589,Asus,Gaming,8,Windows,2.73,1770.0,1,0,0,1,Intel Core i5,Nvidia
590,Asus,2 in 1 Convertible,8,Windows,2.2,739.0,0,1,0,0,Intel Core i5,Intel
591,Lenovo,Notebook,12,Windows,2.2,949.0,0,0,0,1,AMD,AMD
592,Dell,2 in 1 Convertible,4,Windows,1.39,603.0,0,1,0,0,Others,Intel
593,Other,Notebook,16,Windows,2.5,1699.0,0,0,0,1,Intel Core i7,Nvidia
594,Lenovo,Notebook,4,other,2.8,529.0,0,0,0,1,Intel Core i3,Intel
595,Lenovo,Notebook,8,Windows,2.29,459.0,0,0,0,0,Intel Core i3,Intel
596,Lenovo,2 in 1 Convertible,8,Windows,1.37,2025.0,1,1,0,1,Intel Core i7,Intel
597,Lenovo,Notebook,8,Windows,1.7,1474.0,1,0,0,1,Intel Core i5,Intel
598,Dell,2 in 1 Convertible,8,Windows,1.34,1670.0,0,1,0,1,Intel Core i5,Intel
599,Dell,Workstation,8,Windows,2.06,1763.0,0,1,0,1,Intel Core i7,Nvidia
600,HP,Notebook,8,Windows,1.84,1219.0,0,0,0,1,Intel Core i7,Intel
601,HP,Notebook,4,Windows,2.1,668.48,0,0,0,0,Intel Core i3,Intel
602,Acer,Notebook,4,Windows,1.6,329.0,0,0,0,1,Others,Intel
603,MSI,Gaming,16,Windows,4.14,2199.0,0,0,0,1,Intel Core i7,Nvidia
604,Dell,Notebook,4,Linux,2.18,465.0,0,0,0,0,Intel Core i3,AMD
605,MSI,Gaming,16,Windows,1.8,2299.0,0,0,0,0,Intel Core i7,Nvidia
606,Toshiba,Notebook,8,Windows,2.2,1399.0,1,0,0,1,Intel Core i7,Intel
607,Lenovo,Notebook,6,Windows,2.4,564.0,0,0,0,1,Intel Core i5,Intel
608,Lenovo,2 in 1 Convertible,8,Windows,2.0,1299.0,1,1,0,1,Intel Core i7,Intel
609,Acer,Notebook,4,Windows,1.6,349.0,0,0,0,0,Others,Intel
610,Lenovo,Notebook,32,Windows,2.5,4899.0,1,0,0,0,Others,Nvidia
611,Dell,Gaming,16,Windows,2.59,879.01,0,0,0,1,Intel Core i7,Nvidia
612,Dell,Notebook,4,Linux,2.18,443.9,0,0,0,0,Intel Core i3,Intel
613,Dell,Notebook,4,Linux,2.25,359.0,0,0,0,0,Intel Core i3,Intel
614,Dell,Notebook,4,Linux,1.93,869.0,0,0,0,0,Intel Core i5,Intel
615,Asus,Gaming,8,Windows,3.0,1168.0,0,0,0,1,Intel Core i7,Nvidia
616,Dell,Notebook,4,Linux,2.18,569.0,0,0,0,1,Intel Core i5,AMD
617,HP,Ultrabook,8,Windows,1.84,1389.0,0,0,0,1,Intel Core i7,Intel
618,MSI,Gaming,16,Windows,2.94,2267.86,0,0,0,1,Intel Core i7,Nvidia
619,Acer,2 in 1 Convertible,4,other,1.25,379.0,1,1,0,0,Others,Intel
620,HP,Notebook,8,Windows,2.31,1124.0,0,0,0,0,Intel Core i5,Intel
621,Lenovo,Notebook,8,Windows,1.65,1465.0,0,0,0,1,Intel Core i5,Intel
622,Dell,Notebook,4,Windows,2.2,776.0,0,0,0,1,Intel Core i5,AMD
623,Other,Notebook,8,Windows,2.2,799.0,0,0,0,0,Intel Core i5,Intel
624,HP,Notebook,4,Windows,1.88,932.0,0,0,0,0,Intel Core i5,Intel
625,Lenovo,Notebook,8,Windows,2.2,899.0,0,0,0,1,Intel Core i7,Nvidia
626,Other,Notebook,2,Windows,1.4,239.0,0,0,0,1,Others,Intel
627,Lenovo,Notebook,4,other,2.2,468.0,0,0,0,1,Intel Core i5,Intel
628,Asus,2 in 1 Convertible,6,Windows,1.5,639.01,0,1,0,1,Intel Core i5,Intel
629,Dell,Notebook,8,Windows,2.0,1820.0,0,0,0,1,Intel Core i7,Nvidia
630,Asus,Ultrabook,16,Windows,1.1,1900.0,0,0,0,1,Intel Core i7,Intel
631,Dell,Gaming,16,Windows,2.62,1479.0,0,0,0,1,Intel Core i7,Nvidia
632,Lenovo,Notebook,4,Windows,1.8,829.0,0,0,0,1,Intel Core i5,Intel
633,Lenovo,Notebook,4,Windows,2.2,579.0,0,0,0,1,Intel Core i3,Nvidia
634,Asus,Notebook,8,Windows,2.0,399.0,0,0,0,0,Others,Intel
635,Asus,Notebook,8,Windows,1.99,906.62,0,0,0,1,Intel Core i5,Nvidia
636,Dell,Ultrabook,8,Windows,1.23,1869.0,0,1,0,0,Intel Core i5,Intel
637,Lenovo,Notebook,2,Windows,1.42,249.0,0,0,0,0,Others,Intel
638,Lenovo,2 in 1 Convertible,8,Windows,1.37,1757.42,1,1,0,1,Intel Core i7,Intel
639,Dell,Notebook,16,Windows,2.06,2399.0,0,1,0,0,Intel Core i7,Nvidia
640,Lenovo,Gaming,8,Windows,2.5,1109.0,1,0,0,1,Intel Core i7,Nvidia
641,HP,Notebook,8,Windows,2.6,520.9,0,0,0,0,AMD,AMD
642,Lenovo,Ultrabook,16,Windows,1.14,2450.0,1,0,0,1,Intel Core i7,Intel
643,Asus,Gaming,8,other,2.5,1169.0,1,0,0,1,Intel Core i7,Nvidia
644,Acer,Notebook,4,Windows,2.4,450.0,0,0,0,0,Intel Core i3,Intel
645,Lenovo,Notebook,4,Windows,1.43,274.0,0,0,0,0,Others,Intel
646,Acer,Ultrabook,8,Windows,1.8,919.0,1,0,0,1,Intel Core i5,Intel
647,Other,Gaming,16,Windows,1.95,2599.0,0,0,0,1,Intel Core i7,Nvidia
648,Toshiba,Notebook,8,Windows,1.2,1213.0,0,0,0,1,Intel Core i5,Intel
649,Lenovo,Ultrabook,8,Windows,1.36,1584.0,1,0,0,1,Intel Core i7,Intel
650,Asus,Gaming,32,Windows,3.8,2799.0,1,0,0,1,Intel Core i7,Nvidia
651,Acer,Gaming,8,Linux,2.4,709.0,0,0,0,1,Intel Core i5,Nvidia
652,Dell,Ultrabook,8,Windows,1.2,1449.9,0,0,0,1,Intel Core i5,Intel
653,MSI,Gaming,8,Windows,2.2,1191.8,0,0,0,1,Intel Core i7,Nvidia
654,HP,Notebook,4,other,1.86,364.9,0,0,0,0,Intel Core i3,Intel
655,Toshiba,Notebook,8,Windows,2.0,1064.0,1,0,0,1,Intel Core i5,Intel
656,Dell,Notebook,8,Windows,2.2,919.0,0,0,0,1,Intel Core i7,AMD
657,Dell,Notebook,16,Windows,2.2,1135.0,0,0,0,1,Intel Core i7,AMD
658,Lenovo,Gaming,8,Windows,3.31,1196.0,1,0,0,1,Intel Core i7,Nvidia
659,Dell,Gaming,32,Windows,4.42,3147.37,1,0,0,0,Intel Core i7,Nvidia
660,Dell,Notebook,8,Windows,1.56,1229.0,0,0,0,1,Intel Core i5,Intel
661,Lenovo,Notebook,4,Windows,2.2,419.0,0,0,0,0,Others,Intel
662,Lenovo,Notebook,4,Windows,2.2,535.0,0,0,0,1,Intel Core i5,Intel
663,HP,Notebook,6,Windows,2.04,539.0,0,0,0,0,Intel Core i3,AMD
664,MSI,Gaming,8,Windows,2.7,1486.77,0,0,0,1,Intel Core i7,Nvidia
665,Toshiba,Notebook,4,Windows,2.1,498.0,0,0,0,0,Intel Core i3,Intel
666,Dell,Notebook,8,Windows,2.06,955.0,0,0,0,1,Intel Core i5,Intel
667,HP,Notebook,8,Windows,2.1,745.0,0,0,0,1,Intel Core i7,AMD
668,Toshiba,Notebook,8,Windows,2.0,1258.0,1,0,0,1,Intel Core i5,Intel
669,Acer,Notebook,4,Linux,2.1,412.0,0,0,0,0,Intel Core i3,Intel
670,Other,Ultrabook,8,Windows,1.252,1867.85,0,1,0,0,Intel Core i7,Intel
671,Lenovo,Notebook,8,Windows,1.9,817.95,0,0,0,1,Intel Core i5,AMD
672,Lenovo,2 in 1 Convertible,8,Windows,1.3,1034.0,1,1,0,1,Intel Core i5,Intel
673,Lenovo,Notebook,4,Windows,2.2,349.0,0,0,0,0,AMD,AMD
674,HP,2 in 1 Convertible,4,Windows,1.63,699.0,1,1,0,1,Intel Core i3,Nvidia
675,MSI,Gaming,16,Windows,2.4,1294.0,0,0,0,1,Intel Core i7,Nvidia
676,Asus,Ultrabook,8,Windows,1.1,1135.0,0,0,0,1,Intel Core i5,Intel
677,HP,2 in 1 Convertible,8,other,1.4,495.0,0,1,0,0,Others,Intel
678,Other,Ultrabook,8,Windows,1.09,2299.0,1,0,0,1,Intel Core i7,Intel
679,Acer,Gaming,16,Windows,2.5,1299.0,0,0,0,1,Intel Core i5,Nvidia
680,MSI,Gaming,8,Windows,2.2,997.9,0,0,0,1,Intel Core i5,Nvidia
681,Asus,Notebook,4,Windows,1.86,419.0,0,0,0,0,Others,Intel
682,Dell,Gaming,16,Windows,3.21,2051.0,0,0,0,1,Intel Core i5,Nvidia
683,HP,Notebook,4,Windows,2.5,699.0,1,0,0,1,Intel Core i3,AMD
684,Lenovo,2 in 1 Convertible,8,Windows,1.19,1499.0,1,1,0,1,Intel Core i7,Intel
685,Dell,Gaming,16,Windows,3.49,2813.75,0,0,0,1,Intel Core i7,Nvidia
686,HP,Notebook,4,Windows,1.86,612.61,0,0,0,0,Intel Core i5,AMD
687,Dell,Notebook,4,Windows,2.2,545.67,0,0,0,0,Intel Core i3,AMD
688,HP,Notebook,6,Windows,2.65,569.0,1,0,0,1,AMD,AMD
689,Lenovo,Notebook,4,Windows,2.1,318.0,0,0,0,0,Others,Intel
690,Acer,Notebook,4,other,1.45,375.0,0,0,0,0,Others,Intel
691,Lenovo,Notebook,4,Windows,1.7,699.0,0,0,0,1,Intel Core i5,Intel
692,HP,Workstation,8,Windows,3.14,1907.99,0,0,0,1,Intel Core i7,Nvidia
693,Lenovo,2 in 1 Convertible,8,Windows,1.42,2590.0,0,1,0,0,Intel Core i7,Intel
694,Toshiba,Notebook,8,Windows,1.5,973.0,1,0,0,1,Intel Core i5,Intel
695,Acer,Netbook,4,Windows,1.4,269.0,0,0,0,0,Others,Intel
696,Lenovo,2 in 1 Convertible,16,Windows,1.38,1749.0,0,1,0,1,Intel Core i7,Intel
697,Asus,2 in 1 Convertible,4,other,1.2,669.0,0,1,0,1,Others,Intel
698,Toshiba,Ultrabook,16,Windows,1.36,1877.0,0,1,0,1,Intel Core i7,Intel
699,HP,Notebook,4,Windows,2.1,689.0,1,0,0,1,Intel Core i7,AMD
700,Dell,Gaming,8,Windows,2.56,819.0,0,0,0,1,Intel Core i5,Nvidia
701,Lenovo,Notebook,4,Windows,2.2,399.0,0,0,0,1,AMD,AMD
702,Lenovo,Notebook,8,Windows,2.2,429.0,0,0,0,0,AMD,AMD
703,Lenovo,Notebook,4,Windows,2.1,621.45,0,0,0,1,Intel Core i5,Intel
704,Lenovo,Notebook,4,other,1.9,450.0,0,0,0,0,Intel Core i3,Intel
705,Dell,Notebook,8,Windows,2.18,795.0,0,0,0,1,Intel Core i5,Intel
706,Acer,2 in 1 Convertible,8,Windows,1.6,999.0,1,1,0,1,Intel Core i5,Intel
707,Lenovo,Workstation,16,Windows,2.18,1855.0,0,0,0,1,Intel Core i7,Nvidia
708,Lenovo,Notebook,8,Windows,1.8,1191.0,0,0,0,1,Intel Core i5,Intel
709,HP,Notebook,6,Windows,2.71,655.01,1,0,0,1,AMD,AMD
710,Lenovo,Gaming,8,Windows,2.5,1249.0,1,0,0,1,Intel Core i7,Nvidia
711,Dell,Notebook,8,Linux,1.64,1089.0,0,0,0,1,Intel Core i5,Nvidia
712,Dell,Notebook,8,Linux,1.98,726.0,0,0,0,1,Intel Core i5,Intel
713,Asus,Notebook,4,Windows,1.5,298.0,0,0,0,1,Others,Intel
714,Dell,Notebook,16,Windows,1.93,1426.66,0,0,0,1,Intel Core i5,Intel
715,Lenovo,Notebook,8,Windows,1.87,857.07,1,0,0,1,Intel Core i5,Nvidia
716,Dell,Notebook,8,Windows,1.9,1179.0,0,0,0,1,Intel Core i5,Intel
717,Lenovo,Notebook,4,Windows,2.19,298.0,0,0,0,0,AMD,AMD
718,Other,Notebook,4,Windows,1.4,265.0,1,0,0,1,Others,Intel
719,HP,Notebook,8,Windows,2.63,1200.0,0,0,0,1,Intel Core i7,Nvidia
720,Lenovo,Ultrabook,8,Windows,1.17,1686.64,1,0,0,0,Intel Core i7,Intel
721,HP,2 in 1 Convertible,8,Windows,1.58,836.6,1,1,0,0,Intel Core i5,Intel
722,Lenovo,Ultrabook,8,Windows,1.32,1499.0,1,0,0,1,Intel Core i5,Intel
723,Dell,Gaming,32,Windows,4.36,3659.4,0,0,0,0,Intel Core i7,Nvidia
724,MSI,Gaming,8,Windows,2.7,1348.48,0,0,0,1,Intel Core i7,Nvidia
725,Lenovo,Notebook,4,other,1.9,489.9,0,0,0,0,Intel Core i5,Intel
726,Dell,Notebook,8,Windows,2.2,719.0,0,0,0,1,Intel Core i5,AMD
727,Dell,2 in 1 Convertible,4,Windows,1.71,649.0,0,1,0,1,Intel Core i3,Intel
728,Dell,Notebook,8,Linux,2.32,589.52,0,0,0,0,Intel Core i5,AMD
729,HP,Notebook,4,Windows,2.1,489.0,0,0,0,1,AMD,AMD
730,Acer,Gaming,16,Windows,4.2,1935.0,1,0,0,1,Intel Core i7,Nvidia
731,Dell,Notebook,12,Windows,2.25,649.0,0,0,0,0,Intel Core i5,Intel
732,HP,Notebook,6,Windows,2.1,650.0,0,0,0,1,AMD,AMD
733,Acer,Notebook,4,Windows,2.4,559.0,0,0,0,0,Intel Core i5,Intel
734,Lenovo,Notebook,8,Windows,1.44,960.0,1,0,0,1,Intel Core i5,Intel
735,Lenovo,Notebook,4,Windows,1.85,779.0,0,0,0,1,Intel Core i7,Intel
736,HP,Workstation,16,Windows,2.6,2419.0,0,0,0,1,Intel Core i7,Nvidia
737,Dell,2 in 1 Convertible,8,Windows,1.55,659.0,0,1,0,1,Intel Core i5,Intel
738,MSI,Gaming,16,Windows,1.8,2094.48,0,0,0,1,Intel Core i7,Nvidia
739,Acer,Notebook,4,Windows,2.4,410.8,0,0,0,0,Intel Core i3,Intel
740,Dell,Notebook,8,Windows,2.0,1207.0,0,0,0,1,Intel Core i7,Nvidia
741,Dell,Notebook,8,Windows,2.0,665.0,0,0,0,0,Intel Core i3,Intel
742,Toshiba,Notebook,8,Windows,1.25,1535.0,1,1,0,1,Intel Core i5,Intel
743,Lenovo,2 in 1 Convertible,8,Windows,1.7,999.0,0,1,0,1,Intel Core i5,Intel
744,Lenovo,Workstation,16,Windows,2.5,3299.0,1,0,0,0,Intel Core i7,Nvidia
745,Acer,Notebook,2,other,1.68,330.0,0,0,0,0,Others,Intel
746,Other,Ultrabook,16,Windows,0.81,1649.0,0,0,0,1,Intel Core i7,Intel
747,HP,Notebook,8,Windows,1.86,539.0,0,0,0,1,Intel Core i3,Intel
748,Dell,Notebook,8,Windows,1.6,1126.71,0,0,0,0,Intel Core i5,Intel
749,HP,Workstation,16,Windows,3.0,4389.0,1,0,0,1,Others,Nvidia
750,Lenovo,Netbook,4,Windows,1.4,475.0,0,1,0,0,Others,Intel
751,HP,Notebook,8,Windows,1.84,1900.0,0,0,0,1,Intel Core i5,Intel
752,Asus,Notebook,4,other,2.45,579.0,0,0,0,0,Intel Core i5,Nvidia
753,Lenovo,Ultrabook,4,Windows,1.7,1096.0,0,0,0,1,Intel Core i5,Intel
754,Asus,Notebook,4,Windows,2.37,849.9,0,0,0,0,Intel Core i7,Intel
755,Lenovo,2 in 1 Convertible,8,Windows,1.3,1199.0,1,1,0,0,Intel Core i5,Intel
756,HP,Notebook,8,Windows,2.2,1099.0,1,0,0,1,Intel Core i5,Nvidia
757,HP,Workstation,8,Windows,2.59,1561.0,0,0,0,1,Intel Core i7,Nvidia
758,Dell,Gaming,16,Windows,4.42,2868.99,1,0,0,0,Intel Core i7,Nvidia
759,Acer,Notebook,4,Windows,2.1,599.0,0,0,0,0,Intel Core i5,Intel
760,Lenovo,Gaming,8,Windows,2.5,1048.0,1,0,0,1,Intel Core i7,Nvidia
761,Dell,Ultrabook,16,Windows,1.18,1859.0,0,0,0,1,Intel Core i7,Intel
762,Other,Ultrabook,8,other,1.1,1559.0,0,1,0,0,Intel Core i5,Intel
763,Asus,Ultrabook,8,Windows,1.2,1129.0,1,0,0,0,Intel Core i5,Intel
764,Dell,Notebook,4,Windows,1.65,849.0,0,0,0,0,Intel Core i3,Intel
765,Acer,Notebook,4,Windows,1.6,655.0,0,0,0,0,Intel Core i5,Intel
766,Asus,Notebook,4,Windows,2.8,470.34,0,0,0,0,Others,Nvidia
767,Dell,Gaming,16,Windows,2.72,1099.0,1,1,0,0,Intel Core i7,Nvidia
768,Other,Ultrabook,8,Windows,1.31,1599.0,0,1,0,1,Intel Core i7,Intel
769,Acer,Notebook,4,Linux,2.1,298.0,0,0,0,0,Others,Intel
770,Dell,Notebook,16,Windows,2.3,1181.27,0,0,0,1,Intel Core i7,AMD
771,Other,2 in 1 Convertible,16,Windows,1.71,1799.0,0,1,0,1,Intel Core i7,AMD
772,Toshiba,Notebook,4,Windows,1.75,1020.0,1,0,0,0,Intel Core i5,Intel
773,Dell,Gaming,8,Windows,2.62,1099.0,0,0,0,1,Intel Core i7,Nvidia
774,HP,Ultrabook,4,Windows,1.26,1244.0,0,0,0,0,Intel Core i5,Intel
775,Asus,2 in 1 Convertible,12,Windows,2.3,839.0,0,1,0,1,Intel Core i7,Nvidia
776,Lenovo,Notebook,16,Windows,2.5,2370.0,0,0,0,0,Intel Core i7,Nvidia
777,Acer,Notebook,4,Windows,1.8,636.0,1,0,0,1,Intel Core i3,Intel
778,Other,Gaming,16,Windows,1.95,2899.0,0,0,0,1,Intel Core i7,Nvidia
779,Asus,Notebook,8,Windows,2.0,581.9,0,0,0,0,Others,Intel
780,Dell,Gaming,32,Windows,4.42,3588.8,1,0,0,1,Intel Core i7,Nvidia
781,Asus,Gaming,16,Windows,4.3,2350.0,1,0,0,1,Intel Core i7,Nvidia
782,Toshiba,Ultrabook,16,Windows,1.47,1764.0,1,0,0,1,Intel Core i7,Nvidia
783,Lenovo,Notebook,8,other,2.2,329.0,0,0,0,0,Others,Intel
784,Lenovo,Ultrabook,16,Windows,1.7,2299.0,0,0,0,1,Intel Core i7,Intel
785,MSI,Gaming,16,Windows,1.6,1891.0,1,0,0,1,Intel Core i7,Nvidia
786,MSI,Gaming,8,Windows,2.2,1089.0,0,0,0,1,Intel Core i5,Nvidia
787,Lenovo,Gaming,4,Windows,2.4,999.0,1,0,0,1,Intel Core i7,Nvidia
788,Acer,Gaming,16,Windows,4.2,2299.0,1,0,0,1,Intel Core i7,Nvidia
789,Dell,Gaming,8,Windows,2.62,985.0,0,0,0,1,Intel Core i5,Nvidia
790,Asus,Gaming,8,Windows,2.24,1339.0,0,0,0,1,Intel Core i7,Nvidia
791,Other,Notebook,4,Windows,1.22,202.9,0,0,0,0,Others,Intel
792,Lenovo,2 in 1 Convertible,8,Windows,1.37,1970.0,1,1,0,1,Intel Core i7,Intel
793,Lenovo,2 in 1 Convertible,8,Windows,2.08,959.0,0,1,0,1,Intel Core i5,AMD
794,Apple,Ultrabook,8,MAC,0.92,1165.0,1,0,1,0,Others,Intel
795,Lenovo,2 in 1 Convertible,8,Windows,1.42,2330.0,1,1,0,0,Intel Core i5,Intel
796,Asus,Notebook,4,Windows,1.63,299.0,0,0,0,0,Others,Intel
797,Dell,Notebook,8,Windows,1.95,810.0,0,0,0,0,Intel Core i5,Intel
798,Lenovo,2 in 1 Convertible,8,Windows,1.38,1349.0,1,1,0,1,Intel Core i7,Intel
799,Dell,Notebook,8,Windows,2.0,739.0,0,0,0,1,Intel Core i3,AMD
800,HP,Workstation,8,Windows,3.14,2064.9,0,0,0,1,Intel Core i7,Nvidia
801,Asus,Notebook,8,Windows,2.37,1099.0,0,0,0,1,Intel Core i5,Intel
802,Dell,Ultrabook,8,Windows,1.29,1499.0,0,0,0,1,Intel Core i5,Intel
803,Dell,Notebook,8,Windows,2.06,1749.0,0,1,0,0,Intel Core i5,Nvidia
804,Dell,Netbook,4,Windows,1.63,744.0,0,0,0,0,Others,Intel
805,HP,Netbook,8,Windows,1.26,1389.0,0,0,0,0,Intel Core i5,Intel
806,Toshiba,Notebook,4,Windows,2.1,780.0,0,0,0,0,Intel Core i5,Intel
807,HP,Notebook,8,Windows,2.04,629.0,0,0,0,0,AMD,AMD
808,Dell,Gaming,16,Windows,2.62,1679.0,0,0,0,0,Intel Core i7,Nvidia
809,Lenovo,Notebook,4,Windows,2.4,609.0,0,0,0,1,Intel Core i5,Nvidia
810,HP,Gaming,12,Windows,3.74,1749.0,1,0,0,1,Intel Core i7,AMD
811,MSI,Gaming,16,Windows,2.9,2415.0,0,0,0,1,Intel Core i7,Nvidia
812,Other,Ultrabook,8,Windows,0.81,1499.0,0,0,0,1,Intel Core i5,Intel
813,Dell,Notebook,8,Windows,1.98,961.0,0,0,0,1,Intel Core i7,Nvidia
814,Dell,Notebook,8,Windows,2.18,789.81,0,0,0,1,Intel Core i5,AMD
815,Lenovo,Ultrabook,8,Windows,1.32,1859.0,0,0,0,1,Intel Core i7,Intel
816,Other,Ultrabook,16,Windows,1.29,1799.0,1,1,0,0,Intel Core i7,Intel
817,HP,Netbook,4,other,1.23,385.0,0,0,0,0,Others,Intel
818,Dell,Gaming,16,Windows,4.36,2505.02,1,0,0,1,Intel Core i7,Nvidia
819,Dell,Notebook,4,Windows,1.76,755.0,0,0,0,0,Intel Core i5,Intel
820,Lenovo,Notebook,4,Windows,2.1,489.9,0,0,0,0,Intel Core i3,Intel
821,Toshiba,Ultrabook,4,Windows,1.25,1090.0,0,0,0,0,Intel Core i5,Intel
822,Lenovo,Ultrabook,8,Windows,1.13,2499.0,1,0,0,1,Intel Core i7,Intel
823,MSI,Gaming,8,Windows,2.4,1199.0,0,0,0,1,Intel Core i5,Nvidia
824,Lenovo,Ultrabook,8,Windows,1.13,1875.0,1,0,0,1,Intel Core i5,Intel
825,Toshiba,Notebook,4,Windows,1.75,499.0,0,0,0,0,Others,Intel
826,Asus,2 in 1 Convertible,8,Windows,1.1,1358.0,0,1,0,1,Intel Core i5,Intel
827,Dell,Notebook,4,Windows,1.76,585.0,0,0,0,0,Intel Core i3,Intel
828,Acer,Netbook,4,other,1.35,355.0,1,0,0,0,Others,Intel
829,Acer,Notebook,8,Windows,1.5,619.0,1,0,0,1,Intel Core i3,Intel
830,Other,Gaming,32,Windows,3.49,5499.0,0,1,0,0,Intel Core i7,Nvidia
831,Lenovo,Ultrabook,16,Windows,1.1,2099.0,1,0,0,0,Intel Core i7,Intel
832,Asus,Notebook,4,Linux,2.1,519.0,0,0,0,1,Intel Core i5,Nvidia
833,Lenovo,Notebook,8,Windows,1.7,1186.0,0,0,0,1,Intel Core i5,Intel
834,Lenovo,Notebook,8,Windows,1.32,1650.0,1,0,0,1,Intel Core i5,Intel
835,Dell,Gaming,16,Windows,3.21,2774.63,0,0,0,1,Intel Core i7,Nvidia
836,Asus,Gaming,16,Windows,2.9,2419.0,0,0,0,1,Intel Core i7,Nvidia
837,Toshiba,Notebook,4,Windows,2.0,669.0,0,0,0,0,Intel Core i3,Intel
838,Lenovo,Notebook,4,other,1.5,325.0,0,0,0,0,Others,Intel
839,Asus,Notebook,8,Windows,2.3,590.0,0,0,0,1,Intel Core i5,Intel
840,Asus,Gaming,16,Windows,2.73,1799.0,0,0,0,1,Intel Core i7,Nvidia
841,Dell,Gaming,32,Windows,4.42,3072.89,1,0,0,1,Intel Core i7,Nvidia
842,HP,Notebook,8,Windows,2.63,910.0,0,0,0,0,Intel Core i5,Nvidia
843,Dell,Notebook,8,Windows,2.18,713.99,0,0,0,0,Intel Core i5,Intel
844,HP,Ultrabook,8,Windows,1.54,1870.0,0,0,0,1,Intel Core i7,Intel
845,Dell,Notebook,4,Windows,2.18,739.0,0,0,0,1,Intel Core i7,AMD
846,HP,2 in 1 Convertible,4,other,1.4,615.0,0,1,0,0,Others,Intel
847,Asus,Ultrabook,8,Windows,1.45,1026.0,1,0,0,1,Intel Core i5,Nvidia
848,HP,2 in 1 Convertible,8,Windows,1.28,2277.0,0,1,0,1,Intel Core i5,Intel
849,HP,Ultrabook,8,Windows,1.54,1468.0,0,0,0,1,Intel Core i7,Intel
850,HP,Notebook,4,other,1.86,299.0,0,0,0,0,Others,Intel
851,Asus,Gaming,16,Windows,2.1,1899.0,0,0,0,1,Intel Core i7,Nvidia
852,Dell,Notebook,8,Linux,2.83,865.0,0,0,0,1,Intel Core i7,AMD
853,Lenovo,Ultrabook,8,Windows,1.96,1903.0,1,0,0,1,Intel Core i7,Nvidia
854,Asus,Notebook,8,Windows,2.3,787.0,1,0,0,1,Intel Core i7,Nvidia
855,Dell,Notebook,8,Windows,1.9,945.0,0,0,0,1,Intel Core i5,Intel
856,Asus,Notebook,4,Windows,2.0,449.0,0,0,0,0,Others,Intel
857,HP,2 in 1 Convertible,8,Windows,1.28,2559.0,0,1,0,1,Intel Core i7,Intel
858,Dell,Notebook,8,Windows,1.62,649.0,0,1,0,1,Intel Core i5,Intel
859,Lenovo,Notebook,4,other,2.2,469.0,0,0,0,1,Intel Core i3,Intel
860,Lenovo,Notebook,8,Windows,2.3,850.66,1,0,0,1,Intel Core i5,Intel
861,HP,Notebook,8,Windows,1.84,1349.0,0,0,0,1,Intel Core i5,AMD
862,Toshiba,Notebook,4,Windows,1.05,1285.0,0,0,0,1,Intel Core i5,Intel
863,Lenovo,Gaming,8,other,2.5,1017.0,1,0,0,1,Intel Core i5,Nvidia
864,Dell,Ultrabook,16,Windows,1.29,2240.0,0,1,0,0,Intel Core i7,Intel
865,HP,Notebook,4,Windows,2.07,910.0,0,0,0,1,Intel Core i5,Intel
866,Toshiba,Ultrabook,8,Windows,1.2,1095.0,0,0,0,0,Intel Core i5,Intel
867,Lenovo,2 in 1 Convertible,8,Windows,1.37,1950.0,1,1,0,1,Intel Core i7,Intel
868,Acer,Notebook,8,Windows,1.56,902.0,1,0,0,1,Intel Core i5,Intel
869,Dell,Workstation,8,Windows,2.23,1778.0,0,0,0,1,Intel Core i7,Nvidia
870,Lenovo,Notebook,4,Windows,2.38,1055.0,0,0,0,0,Intel Core i5,Intel
871,Lenovo,Notebook,4,other,2.2,479.0,0,0,0,1,Intel Core i3,AMD
872,Toshiba,Notebook,8,Windows,2.0,1388.0,1,0,0,1,Intel Core i7,Intel
873,Lenovo,Notebook,4,Windows,1.44,735.0,1,0,0,1,Intel Core i3,Intel
874,Other,Ultrabook,16,Windows,1.23,1849.0,0,0,0,1,Intel Core i7,Nvidia
875,Dell,Ultrabook,8,Windows,1.6,1690.0,0,0,0,1,Intel Core i7,Intel
876,Asus,Notebook,4,Linux,2.0,398.99,0,0,0,0,Others,Intel
877,Other,Ultrabook,8,Windows,1.28,935.0,1,0,0,1,Intel Core i5,Nvidia
878,Dell,Notebook,4,Windows,2.18,912.5,0,0,0,1,Intel Core i5,Nvidia
879,HP,Notebook,4,Windows,2.04,839.0,0,0,0,1,Intel Core i5,Intel
880,HP,2 in 1 Convertible,4,Windows,1.28,1700.0,0,1,0,1,Intel Core i5,Intel
881,HP,2 in 1 Convertible,4,Windows,2.3,684.8,0,1,0,0,Intel Core i5,Intel
882,Asus,Notebook,4,Windows,1.65,348.0,0,0,0,0,Others,Intel
883,Lenovo,Notebook,8,Windows,2.2,669.0,1,0,0,1,Intel Core i7,Nvidia
884,Dell,Notebook,4,Windows,2.2,369.0,0,0,0,0,Others,Intel
885,HP,2 in 1 Convertible,4,Windows,1.28,1799.0,0,1,0,1,Intel Core i5,Intel
886,Dell,Notebook,4,Linux,2.18,455.7,0,0,0,0,Intel Core i3,AMD
887,Asus,Gaming,12,Windows,2.2,1369.9,0,0,0,1,Intel Core i5,Nvidia
888,Acer,Netbook,4,other,1.25,297.0,1,0,0,0,Others,Intel
889,Lenovo,Notebook,4,Windows,2.8,379.0,0,0,0,0,AMD,AMD
890,HP,Notebook,4,Windows,1.95,1265.0,0,0,0,1,Intel Core i5,Intel
891,HP,2 in 1 Convertible,16,Windows,1.42,1399.0,0,1,0,0,Intel Core i7,Intel
892,Other,Ultrabook,8,Windows,1.17,1699.0,0,0,0,1,Intel Core i7,Intel
893,Lenovo,Ultrabook,8,Windows,1.32,1799.0,1,0,0,1,Intel Core i5,Intel
894,MSI,Gaming,16,Windows,2.43,2649.0,1,0,0,0,Intel Core i7,Nvidia
895,Toshiba,Notebook,8,Windows,1.05,1475.0,0,0,0,1,Intel Core i5,Intel
896,Dell,Gaming,8,Linux,2.62,929.0,0,0,0,1,Intel Core i7,Nvidia
897,HP,Notebook,8,Windows,2.04,900.0,0,0,0,1,Intel Core i7,Nvidia
898,Dell,Notebook,4,Windows,2.18,614.0,0,0,0,0,Intel Core i3,AMD
899,Dell,Notebook,8,Windows,1.9,935.0,0,0,0,1,Intel Core i5,Intel
900,Dell,2 in 1 Convertible,8,Windows,1.24,2013.1,0,1,0,0,Intel Core i7,Intel
901,Asus,Gaming,32,Windows,3.58,1279.0,1,0,0,1,Intel Core i7,Nvidia
902,Dell,2 in 1 Convertible,16,Windows,1.22,1649.0,0,1,0,1,Intel Core i7,Intel
903,Lenovo,Ultrabook,8,Windows,1.13,2049.0,1,0,0,1,Intel Core i7,Intel
904,Lenovo,Notebook,8,Windows,1.95,1962.99,1,0,0,1,Intel Core i5,Intel
905,Other,Ultrabook,16,Windows,1.08,2099.0,1,1,0,1,Intel Core i7,Intel
906,HP,Netbook,8,Windows,1.26,1483.0,0,0,0,1,Intel Core i7,Intel
907,Acer,Notebook,4,other,2.2,359.0,1,0,0,1,Others,Intel
908,Lenovo,Notebook,8,Windows,2.6,789.0,1,0,0,1,Intel Core i5,Nvidia
909,Other,Ultrabook,8,Windows,0.98,1899.0,1,1,0,1,Intel Core i7,Intel
910,Dell,Notebook,8,Windows,1.6,1205.0,0,0,0,1,Intel Core i5,Intel
911,HP,Ultrabook,8,Windows,1.09,3100.0,0,1,0,0,Others,Intel
912,Lenovo,Notebook,6,Windows,2.2,789.0,0,0,0,1,Intel Core i7,Nvidia
913,HP,Notebook,8,Windows,2.04,1018.99,0,0,0,1,Intel Core i7,Nvidia
914,Acer,Notebook,4,Windows,2.4,499.0,0,0,0,1,Intel Core i3,Intel
915,Lenovo,Notebook,4,Windows,1.44,881.0,0,0,0,1,Intel Core i5,Intel
916,HP,Notebook,8,Windows,1.49,960.0,0,0,0,1,Intel Core i5,Intel
917,MSI,Gaming,16,Windows,2.7,1599.0,0,0,0,1,Intel Core i7,Nvidia
918,Dell,Gaming,16,Windows,2.6,1349.0,0,0,0,1,Intel Core i7,Nvidia
919,MSI,Gaming,8,Windows,2.2,1119.91,0,0,0,1,Intel Core i5,Nvidia
920,Dell,Notebook,4,Windows,2.18,684.99,0,0,0,0,Intel Core i5,AMD
921,HP,Ultrabook,8,Windows,1.84,1296.99,0,0,0,1,Intel Core i7,AMD
922,HP,Ultrabook,8,Windows,1.39,1149.0,0,1,0,0,Intel Core i7,Intel
923,Toshiba,Notebook,16,Windows,2.4,1975.0,1,0,0,1,Intel Core i7,Nvidia
924,Lenovo,2 in 1 Convertible,8,Windows,1.37,1825.0,1,1,0,1,Intel Core i5,Intel
925,Dell,Notebook,4,Windows,1.95,729.9,0,0,0,0,Intel Core i5,Intel
926,Lenovo,Ultrabook,8,Windows,1.36,1650.0,1,0,0,1,Intel Core i7,Intel
927,HP,Notebook,8,Windows,2.31,1165.0,0,0,0,1,Intel Core i5,Intel
928,Dell,Notebook,4,Windows,2.18,708.06,0,0,0,0,Intel Core i5,Intel
929,HP,Notebook,4,Windows,1.95,1149.0,0,0,0,0,Intel Core i5,Intel
930,Lenovo,Notebook,4,Windows,2.2,309.0,0,0,0,0,Others,Intel
931,HP,Ultrabook,4,Windows,1.26,1579.0,0,0,0,1,Intel Core i5,Intel
932,HP,Notebook,4,other,1.86,288.9,0,0,0,0,Others,Intel
933,Lenovo,2 in 1 Convertible,16,Windows,1.3,1799.0,1,1,0,0,Intel Core i7,Intel
934,Toshiba,Notebook,4,Windows,1.47,1105.0,1,0,0,1,Intel Core i5,Intel
935,HP,Netbook,8,Windows,1.26,1669.0,0,0,0,1,Intel Core i5,Intel
936,Dell,Notebook,4,Windows,2.18,558.6,0,0,0,0,Intel Core i3,Intel
937,MSI,Gaming,8,Windows,2.2,1199.0,0,0,0,1,Intel Core i7,Nvidia
938,Dell,Ultrabook,8,Windows,1.36,1639.0,0,0,0,1,Intel Core i5,Intel
939,Dell,Gaming,16,Windows,4.36,2758.0,0,0,0,0,Intel Core i7,Nvidia
940,HP,Gaming,8,Windows,2.75,1399.0,1,0,0,1,Intel Core i5,Nvidia
941,Asus,Notebook,4,Windows,2.8,530.0,0,0,0,0,Others,Nvidia
942,Acer,Notebook,4,Windows,2.23,619.0,0,0,0,0,Intel Core i5,Intel
943,Toshiba,Notebook,8,Windows,2.2,1119.0,0,0,0,0,Intel Core i5,Intel
944,Lenovo,2 in 1 Convertible,8,Windows,1.1,1299.0,1,1,0,1,Others,Intel
945,Lenovo,Gaming,16,Windows,2.5,999.0,1,0,0,1,AMD,AMD
946,Dell,Ultrabook,8,Windows,1.36,1472.2,0,1,0,1,Intel Core i5,Intel
947,Lenovo,Notebook,8,other,2.2,685.0,0,0,0,1,Intel Core i7,Nvidia
948,Dell,Notebook,4,Windows,2.36,659.0,0,0,0,0,Intel Core i3,AMD
949,Acer,Notebook,4,other,1.68,349.0,0,0,0,0,Others,Intel
950,HP,Workstation,8,Windows,2.0,2249.0,1,0,0,1,Intel Core i7,Nvidia
951,Dell,Ultrabook,8,Windows,1.36,1775.0,0,0,0,1,Intel Core i7,Intel
952,Toshiba,Notebook,8,Windows,1.2,1460.0,0,0,0,1,Intel Core i5,Intel
953,Asus,2 in 1 Convertible,8,other,1.2,1159.0,0,0,0,1,Others,Intel
954,Lenovo,Ultrabook,8,Windows,1.7,1488.99,1,0,0,1,Intel Core i7,Intel
955,Dell,Gaming,16,Windows,4.36,3154.0,1,0,0,0,Intel Core i7,Nvidia
956,Dell,2 in 1 Convertible,8,Windows,1.24,1899.0,0,1,0,1,Intel Core i5,Intel
957,HP,2 in 1 Convertible,4,Windows,1.45,775.0,0,1,0,0,Others,Intel
958,Dell,Ultrabook,8,Windows,1.3,1268.0,0,0,0,0,Intel Core i7,Intel
959,Acer,2 in 1 Convertible,4,other,1.25,389.0,1,1,0,0,Others,Intel
960,Toshiba,Notebook,8,Windows,1.2,1535.0,0,0,0,1,Intel Core i5,Intel
961,Lenovo,Ultrabook,8,Windows,1.36,1760.0,1,0,0,1,Intel Core i5,Intel
962,Acer,Notebook,12,Windows,2.4,1009.0,0,0,0,1,Intel Core i5,Nvidia
963,Toshiba,Ultrabook,8,Windows,1.1,1790.0,0,1,0,1,Intel Core i7,Intel
964,HP,Notebook,8,Windows,2.04,846.5,0,0,0,0,Intel Core i5,Nvidia
965,Dell,Notebook,4,Linux,2.25,465.62,0,0,0,0,Intel Core i3,AMD
966,Dell,Notebook,4,Windows,1.9,825.0,0,0,0,0,Intel Core i5,Intel
967,HP,Notebook,4,Windows,2.04,685.0,0,0,0,1,Intel Core i3,Intel
968,Dell,Gaming,32,Windows,4.42,3149.0,1,0,0,1,Intel Core i7,Nvidia
969,Lenovo,Notebook,6,Windows,2.4,695.0,0,0,0,1,Intel Core i5,Nvidia
970,Dell,2 in 1 Convertible,16,Windows,1.22,1899.0,0,1,0,0,Intel Core i7,Intel
971,Dell,Ultrabook,8,Windows,1.5,1962.98,0,1,0,0,Intel Core i7,Intel
972,Dell,Gaming,32,Windows,4.42,2800.0,0,0,0,1,Intel Core i7,Nvidia
973,Toshiba,Notebook,8,Windows,1.95,1180.0,0,0,0,1,Intel Core i5,Intel
974,Asus,Gaming,16,Windows,2.73,2049.9,0,0,0,1,Intel Core i7,Nvidia
975,HP,Notebook,8,Windows,2.04,979.0,1,0,0,1,Intel Core i5,Nvidia
976,Lenovo,Notebook,4,Windows,1.7,1002.0,0,0,0,0,Intel Core i5,Intel
977,Asus,2 in 1 Convertible,16,Windows,2.3,1799.0,0,1,0,0,Intel Core i7,Nvidia
978,HP,Notebook,6,Windows,2.04,579.0,0,0,0,0,Intel Core i7,Intel
979,Asus,Gaming,16,Windows,2.99,1749.0,0,0,0,1,Intel Core i7,Nvidia
980,Dell,2 in 1 Convertible,12,Windows,2.19,1299.0,1,1,0,1,Intel Core i7,Intel
981,Toshiba,Notebook,4,Windows,1.2,1195.0,0,0,0,1,Intel Core i5,Intel
982,Lenovo,Notebook,6,Windows,2.2,549.0,0,0,0,1,AMD,AMD
983,Other,Notebook,4,Windows,2.3,649.0,0,0,0,0,Intel Core i5,Intel
984,Toshiba,Notebook,4,Windows,1.75,915.0,0,0,0,0,Intel Core i5,Intel
985,Dell,Notebook,4,Windows,2.25,599.0,0,0,0,0,Intel Core i5,AMD
986,HP,Notebook,8,Windows,2.04,806.0,0,0,0,1,Intel Core i5,Intel
987,Lenovo,Gaming,8,Windows,2.5,1189.0,1,0,0,1,Intel Core i7,Nvidia
988,Dell,Notebook,8,Windows,2.36,749.0,0,0,0,0,Intel Core i7,AMD
989,Dell,Notebook,8,Windows,1.6,1119.0,0,0,0,1,Intel Core i5,Intel
990,HP,Netbook,8,Windows,0.97,1908.0,0,0,0,1,Others,Intel
991,HP,Notebook,4,Windows,2.1,499.0,0,0,0,1,Intel Core i3,AMD
992,Lenovo,Notebook,4,other,1.9,270.62,0,0,0,0,Others,Intel
993,Lenovo,Notebook,8,Windows,2.3,1349.0,0,0,0,1,Intel Core i5,Intel
994,Dell,2 in 1 Convertible,8,Windows,1.68,889.0,0,1,0,1,Intel Core i5,Intel
995,Asus,Notebook,8,Windows,1.4,1150.0,0,0,0,0,Intel Core i5,Intel
996,HP,Ultrabook,8,Windows,1.11,1349.0,1,1,0,1,Intel Core i7,Intel
997,Acer,Notebook,4,Windows,2.4,380.0,0,0,0,0,Others,Intel
998,Asus,Gaming,16,Windows,2.5,1799.0,0,0,0,1,Intel Core i7,Nvidia
999,HP,Ultrabook,8,Windows,1.48,2089.0,0,0,0,1,Intel Core i7,Intel
1000,Acer,Gaming,8,Windows,2.7,1260.0,1,0,0,1,Intel Core i7,Nvidia
1001,HP,Notebook,8,Windows,1.34,1189.0,1,0,0,1,Intel Core i5,Intel
1002,Dell,Notebook,4,Windows,2.18,547.0,0,0,0,0,Intel Core i3,Intel
1003,HP,Notebook,4,Windows,1.64,779.0,0,0,0,0,Intel Core i5,Intel
1004,Toshiba,Notebook,4,Windows,1.2,1195.0,0,0,0,1,Intel Core i5,Intel
1005,HP,Notebook,4,Windows,1.48,1099.99,0,0,0,0,Intel Core i5,Intel
1006,HP,Notebook,4,Windows,1.95,1205.0,0,0,0,1,Intel Core i5,Intel
1007,HP,Ultrabook,8,Windows,1.43,1449.0,0,0,0,1,Intel Core i7,Intel
1008,HP,Notebook,8,Windows,1.64,1049.26,0,0,0,1,Intel Core i5,Nvidia
1009,HP,Notebook,4,Windows,1.64,684.0,0,0,0,0,Intel Core i3,Intel
1010,Dell,Gaming,8,Windows,2.65,949.0,0,0,0,1,Intel Core i5,Nvidia
1011,HP,Ultrabook,4,Windows,1.26,1539.0,0,0,0,1,Intel Core i5,Intel
1012,HP,Notebook,4,Windows,1.48,1590.0,0,0,0,1,Intel Core i5,Intel
1013,HP,Ultrabook,8,Windows,1.54,1887.21,0,0,0,1,Intel Core i7,Intel
1014,HP,Notebook,4,Windows,1.49,800.0,0,0,0,0,Intel Core i3,Intel
1015,Toshiba,Notebook,8,Windows,1.5,1210.0,0,0,0,0,Intel Core i5,Intel
1016,HP,Notebook,4,Windows,2.04,769.99,0,0,0,0,Intel Core i3,Intel
1017,Lenovo,Notebook,16,Windows,2.4,2968.0,1,0,0,0,Intel Core i7,Nvidia
1018,Toshiba,Notebook,8,Windows,1.47,1490.0,1,0,0,1,Intel Core i5,Intel
1019,HP,Notebook,8,Windows,1.43,2229.0,0,0,0,1,Intel Core i7,Intel
1020,Dell,2 in 1 Convertible,4,Windows,2.08,795.99,1,1,0,1,Intel Core i3,Intel
1021,Toshiba,Ultrabook,8,Windows,1.2,1590.0,0,0,0,1,Intel Core i5,Intel
1022,HP,Notebook,8,Windows,1.11,1149.0,1,0,0,1,Intel Core i5,Intel
1023,HP,Notebook,8,Windows,1.64,1185.43,0,0,0,1,Intel Core i7,Nvidia
1024,Dell,Notebook,8,Windows,2.09,1046.44,0,0,0,1,Intel Core i5,Intel
1025,HP,Ultrabook,4,Windows,1.26,1559.0,0,0,0,0,Intel Core i5,Intel
1026,HP,Notebook,4,Windows,2.31,1189.0,0,0,0,0,Intel Core i5,Intel
1027,HP,Notebook,4,Windows,1.95,1060.0,0,0,0,0,Intel Core i5,Intel
1028,Dell,Ultrabook,8,Windows,1.29,1624.0,0,1,0,0,Intel Core i5,Intel
1029,HP,Notebook,8,Windows,2.63,1080.0,0,0,0,1,Intel Core i5,Nvidia
1030,HP,Notebook,4,Windows,1.64,973.0,0,0,0,0,Intel Core i5,Intel
1031,Acer,Notebook,6,Windows,2.1,409.0,0,0,0,0,AMD,AMD
1032,MSI,Gaming,8,Windows,2.7,1191.8,0,0,0,1,Intel Core i7,Nvidia
1033,HP,Notebook,8,Windows,1.95,1195.0,0,0,0,1,Intel Core i5,Intel
1034,HP,Notebook,8,Windows,1.84,1228.99,0,0,0,1,Intel Core i7,Intel
1035,HP,Ultrabook,8,Windows,1.26,1349.0,0,0,0,1,Intel Core i7,Intel
1036,HP,Notebook,4,Windows,2.04,742.0,0,0,0,0,Intel Core i5,Intel
1037,Toshiba,Ultrabook,8,Windows,1.47,1725.0,1,0,0,1,Intel Core i7,Intel
1038,Dell,Notebook,8,Windows,2.09,1062.95,0,0,0,1,Intel Core i5,Intel
1039,HP,Notebook,8,Windows,1.64,1010.51,0,0,0,1,Intel Core i5,Intel
1040,Lenovo,2 in 1 Convertible,4,Windows,1.8,847.0,1,1,0,1,Intel Core i7,Intel
1041,Other,Notebook,2,Windows,1.45,210.8,0,0,0,0,Others,Intel
1042,Toshiba,Notebook,16,Windows,2.4,1425.0,1,0,0,1,Intel Core i7,Nvidia
1043,Lenovo,Notebook,8,Windows,2.3,1049.6,0,0,0,1,Intel Core i5,Intel
1044,HP,Notebook,4,Windows,1.54,1000.0,0,0,0,1,Intel Core i5,Intel
1045,HP,Notebook,8,Windows,1.84,2103.34,0,0,0,1,Intel Core i5,Intel
1046,HP,Notebook,8,Windows,1.43,1469.0,0,0,0,1,Intel Core i5,Intel
1047,MSI,Gaming,16,Windows,3.78,1545.64,1,0,0,1,Intel Core i7,Nvidia
1048,Lenovo,Gaming,16,Windows,4.6,2289.99,1,0,0,1,Intel Core i7,Nvidia
1049,Asus,Netbook,4,other,1.2,287.9,0,0,0,0,Others,Intel
1050,Lenovo,Notebook,16,Windows,1.1,2620.0,1,0,0,0,Intel Core i7,Intel
1051,HP,Notebook,8,Windows,1.91,979.0,1,0,0,1,Intel Core i7,Nvidia
1052,Dell,2 in 1 Convertible,8,Windows,2.3,1094.0,1,1,0,1,Intel Core i5,Intel
1053,HP,Notebook,4,Windows,2.04,979.0,0,0,0,0,Intel Core i5,Intel
1054,Dell,Ultrabook,16,Windows,1.2,2254.0,0,1,0,0,Intel Core i7,Intel
1055,HP,Notebook,4,Windows,2.31,705.15,0,0,0,0,Intel Core i3,Intel
1056,HP,Notebook,4,other,1.96,499.0,0,0,0,0,Intel Core i5,Intel
1057,Acer,Notebook,8,Windows,2.4,449.0,0,0,0,0,AMD,AMD
1058,Dell,2 in 1 Convertible,12,Windows,1.6,1299.0,1,1,0,1,Intel Core i7,Intel
1059,MSI,Gaming,16,Windows,2.94,1819.0,0,0,0,1,Intel Core i7,Nvidia
1060,HP,Notebook,8,Windows,2.04,1070.0,0,0,0,1,Intel Core i7,Intel
1061,Asus,Gaming,16,other,4.0,998.0,1,0,0,1,Intel Core i7,Nvidia
1062,Dell,Notebook,4,Windows,2.25,559.0,0,0,0,1,Intel Core i5,Intel
1063,Dell,Notebook,16,Windows,2.32,989.99,0,0,0,1,Intel Core i7,AMD
1064,MSI,Gaming,16,Windows,1.8,1929.0,0,0,0,1,Intel Core i7,Nvidia
1065,Dell,Ultrabook,8,Windows,1.29,1458.0,0,0,0,1,Intel Core i7,Intel
1066,Asus,Gaming,64,Windows,3.58,3975.0,1,0,0,1,Intel Core i7,Nvidia
1067,Dell,2 in 1 Convertible,8,Windows,1.62,798.01,0,1,0,1,Intel Core i7,Intel
1068,Dell,Gaming,16,Windows,3.21,1329.0,0,0,0,0,Intel Core i7,Nvidia
1069,Apple,Ultrabook,8,MAC,0.92,1300.0,1,0,1,0,Others,Intel
1070,Dell,Notebook,4,Windows,2.06,481.98,0,0,0,0,Intel Core i3,Intel
1071,HP,Notebook,4,Windows,2.31,1199.0,0,0,0,0,Intel Core i5,Intel
1072,HP,Ultrabook,8,Windows,1.26,1199.0,0,0,0,1,Intel Core i5,Intel
1073,HP,Notebook,8,Windows,1.49,1090.0,0,0,0,1,Intel Core i7,Intel
1074,Lenovo,Ultrabook,8,Windows,1.3,1713.49,1,1,0,1,Intel Core i7,Intel
1075,Lenovo,Notebook,8,Windows,3.0,659.0,0,0,0,0,Intel Core i5,AMD
1076,Lenovo,Notebook,4,Windows,2.3,977.0,1,0,0,1,Intel Core i5,Nvidia
1077,MSI,Gaming,16,Windows,3.78,2499.0,0,0,0,1,Intel Core i7,Nvidia
1078,Lenovo,Notebook,4,Windows,2.1,540.0,0,0,0,0,Intel Core i5,Intel
1079,HP,Notebook,4,Windows,2.31,940.0,0,0,0,1,Intel Core i5,Intel
1080,Lenovo,Ultrabook,8,Windows,0.99,1399.0,1,1,0,0,Others,Intel
1081,Lenovo,Gaming,32,Windows,4.6,3240.0,1,0,0,1,Intel Core i7,Nvidia
1082,Lenovo,2 in 1 Convertible,4,Windows,0.69,646.27,1,1,0,0,Others,Intel
1083,HP,Ultrabook,16,Windows,1.3,2049.0,1,0,0,0,Intel Core i7,Intel
1084,Dell,Notebook,8,Windows,2.18,750.0,0,0,0,1,Intel Core i5,Intel
1085,HP,Notebook,4,Windows,1.54,1030.99,0,0,0,1,Intel Core i5,Intel
1086,HP,Workstation,8,Windows,1.9,1495.0,0,0,0,1,Intel Core i7,AMD
1087,Lenovo,Notebook,8,Windows,1.7,1199.0,0,0,0,1,Intel Core i5,Intel
1088,HP,Notebook,4,other,1.29,615.0,0,0,0,0,Others,Intel
1089,Acer,Notebook,4,Windows,2.4,387.0,0,0,0,0,AMD,AMD
1090,Dell,Notebook,4,Linux,2.2,393.49,0,0,0,0,Others,Intel
1091,HP,Notebook,4,other,1.86,345.99,0,0,0,0,Intel Core i3,Intel
1092,Asus,Gaming,8,Windows,2.7,1599.0,1,0,0,1,Intel Core i7,Nvidia
1093,Dell,Ultrabook,4,Windows,1.4,818.35,1,0,0,1,Intel Core i5,AMD
1094,HP,Netbook,4,Windows,2.4,1599.0,0,0,0,0,Intel Core i5,Intel
1095,Acer,Notebook,8,Windows,2.4,799.0,0,0,0,1,Intel Core i5,Nvidia
1096,Dell,Notebook,8,Windows,2.36,638.8,0,0,0,1,Intel Core i5,AMD
1097,MSI,Gaming,8,Windows,2.6,1599.0,0,0,0,1,Intel Core i7,Nvidia
1098,HP,Notebook,4,Windows,1.96,500.0,0,0,0,0,Others,Intel
1099,Asus,Gaming,16,Windows,4.3,2299.0,1,0,0,1,Intel Core i7,Nvidia
1100,Dell,Ultrabook,4,Windows,1.5,1135.15,0,0,0,0,Intel Core i3,Intel
1101,Dell,Ultrabook,4,Windows,1.5,1166.97,0,0,0,0,Intel Core i3,Intel
1102,Acer,Notebook,4,other,2.2,209.0,0,0,0,0,Others,Intel
1103,HP,Workstation,8,Windows,3.0,2899.0,1,0,0,1,Intel Core i7,AMD
1104,Lenovo,Gaming,16,Windows,2.4,1199.0,0,0,0,1,Intel Core i7,Nvidia
1105,Dell,Ultrabook,8,Windows,1.5,1413.1,0,0,0,0,Intel Core i5,Intel
1106,MSI,Gaming,8,Windows,2.9,1511.19,0,0,0,1,Intel Core i7,Nvidia
1107,Lenovo,2 in 1 Convertible,4,Windows,2.1,867.0,1,1,0,1,Intel Core i5,Intel
1108,HP,Notebook,4,Windows,2.1,398.0,0,0,0,1,AMD,AMD
1109,Asus,Gaming,16,Windows,2.59,1339.0,1,0,0,1,Intel Core i7,Nvidia
1110,HP,Notebook,8,Windows,1.16,1699.0,0,1,0,0,Others,Intel
1111,Dell,Notebook,4,Windows,2.24,769.15,0,0,0,0,Intel Core i5,AMD
1112,Lenovo,Notebook,4,Windows,2.1,429.0,0,0,0,0,Intel Core i3,Intel
1113,HP,Ultrabook,8,Windows,1.16,1969.0,0,0,0,1,Intel Core i7,Intel
1114,Lenovo,2 in 1 Convertible,4,other,0.69,549.0,1,1,0,0,Others,Intel
1115,Dell,Ultrabook,8,Windows,1.23,1379.0,0,0,0,1,Intel Core i7,Intel
1116,Lenovo,Gaming,16,Windows,4.6,2749.99,1,0,0,1,Intel Core i7,Nvidia
1117,Other,Ultrabook,8,Windows,1.25,1029.0,0,1,0,0,Intel Core i7,Intel
1118,Toshiba,Ultrabook,16,Windows,1.05,2226.0,0,0,0,1,Intel Core i7,Intel
1119,Asus,Gaming,8,Windows,3.52,1312.49,0,0,0,1,Intel Core i7,Nvidia
1120,Other,Notebook,4,Windows,1.35,196.0,0,0,0,1,Others,Intel
1121,HP,Notebook,8,Windows,1.16,1690.0,0,0,0,1,Intel Core i5,Intel
1122,HP,Notebook,8,Windows,1.43,1513.0,0,0,0,1,Intel Core i5,Intel
1123,Dell,Notebook,4,Linux,2.09,523.63,0,0,0,0,Intel Core i5,Intel
1124,Asus,Notebook,4,Windows,2.0,435.0,0,0,0,0,Intel Core i3,Intel
1125,Lenovo,2 in 1 Convertible,8,Windows,1.8,1669.0,1,1,0,1,Intel Core i7,Intel
1126,Lenovo,2 in 1 Convertible,4,Windows,0.69,479.0,1,1,0,0,Others,Intel
1127,HP,Ultrabook,8,Windows,1.26,1895.0,0,0,0,0,Intel Core i5,Intel
1128,Lenovo,Gaming,8,other,2.4,989.0,1,0,0,1,Intel Core i5,Nvidia
1129,HP,Gaming,8,Windows,3.35,1129.0,1,0,0,1,Intel Core i5,Nvidia
1130,HP,Notebook,8,Windows,2.04,629.0,0,0,0,0,Intel Core i7,Intel
1131,Lenovo,2 in 1 Convertible,8,Windows,1.8,2050.38,1,1,0,1,Intel Core i7,Nvidia
1132,Asus,Notebook,4,Windows,1.5,278.0,0,0,0,0,Others,Intel
1133,HP,Ultrabook,8,Windows,1.84,752.0,0,0,0,1,Intel Core i7,Intel
1134,Acer,Notebook,4,Windows,2.23,616.0,0,0,0,1,Intel Core i5,Nvidia
1135,Lenovo,Notebook,16,Windows,2.5,1099.0,0,0,0,1,Intel Core i7,AMD
1136,HP,Workstation,8,Windows,3.0,3949.4,1,0,0,1,Intel Core i7,Nvidia
1137,Dell,Notebook,8,Windows,2.5,784.0,0,0,0,0,Intel Core i5,AMD
1138,MSI,Gaming,16,Windows,3.78,2399.0,0,0,0,1,Intel Core i7,Nvidia
1139,HP,Ultrabook,8,Windows,1.88,2171.72,0,0,0,1,Intel Core i7,Intel
1140,Lenovo,2 in 1 Convertible,16,Windows,2.8,2440.0,1,1,0,0,Intel Core i7,Intel
1141,MSI,Gaming,8,Windows,2.4,1142.8,0,0,0,1,Intel Core i7,Nvidia
1142,HP,2 in 1 Convertible,8,Windows,1.48,1629.0,0,1,0,1,Intel Core i5,Intel
1143,HP,Workstation,8,Windows,2.59,2229.0,1,0,0,1,Intel Core i7,Nvidia
1144,HP,2 in 1 Convertible,8,Windows,1.48,1799.0,0,1,0,0,Intel Core i7,Intel
1145,HP,Workstation,8,Windows,2.0,1899.0,0,0,0,1,Intel Core i7,Nvidia
1146,HP,Ultrabook,8,Windows,1.26,2296.95,0,0,0,1,Intel Core i7,Intel
1147,Dell,Notebook,8,Windows,2.18,1009.9,0,0,0,1,Intel Core i7,Nvidia
1148,HP,Notebook,8,Windows,1.88,1579.0,0,0,0,1,Intel Core i5,Intel
1149,Lenovo,2 in 1 Convertible,8,Windows,1.27,2339.0,1,1,0,0,Intel Core i7,Intel
1150,Lenovo,Notebook,4,other,1.9,339.0,0,0,0,0,Intel Core i3,Intel
1151,HP,Notebook,4,Windows,1.86,297.0,0,0,0,0,AMD,AMD
1152,Lenovo,Notebook,8,other,2.32,599.0,0,0,0,1,Intel Core i5,AMD
1153,Dell,Gaming,8,Windows,2.62,1199.0,0,0,0,1,Intel Core i7,Nvidia
1154,Dell,Notebook,8,Windows,2.04,2250.68,1,1,0,0,Intel Core i5,Nvidia
1155,HP,Notebook,4,Windows,1.91,478.89,0,0,0,1,AMD,AMD
1156,MSI,Gaming,16,Windows,2.7,1492.8,0,0,0,1,Intel Core i7,Nvidia
1157,Lenovo,Ultrabook,12,Windows,1.4,2299.0,0,0,0,1,Intel Core i7,Intel
1158,Lenovo,Notebook,8,Windows,2.5,788.49,0,0,0,1,Intel Core i5,AMD
1159,HP,2 in 1 Convertible,8,Windows,1.48,2041.0,0,1,0,0,Intel Core i7,Intel
1160,Lenovo,Ultrabook,8,Windows,1.7,1499.0,0,0,0,1,Intel Core i7,Intel
1161,MSI,Gaming,16,Windows,1.7,1769.0,0,0,0,1,Intel Core i7,Nvidia
1162,HP,Gaming,8,Windows,2.62,899.0,1,0,0,1,Intel Core i7,Nvidia
1163,Lenovo,Notebook,8,Windows,2.2,459.0,0,0,0,0,Intel Core i3,Intel
1164,HP,Notebook,4,other,2.1,476.99,0,0,0,0,Intel Core i5,Intel
1165,Dell,Gaming,8,Windows,2.62,1498.0,0,0,0,0,Intel Core i7,Nvidia
1166,Lenovo,Notebook,8,Windows,1.95,1390.0,1,0,0,1,Intel Core i5,Intel
1167,Lenovo,Notebook,4,Windows,2.2,468.0,0,0,0,1,Intel Core i3,Nvidia
1168,HP,Notebook,2,Windows,1.44,249.0,0,0,0,0,Others,Intel
1169,MSI,Gaming,8,Windows,2.2,839.0,1,0,0,1,Intel Core i7,Nvidia
1170,HP,Notebook,8,Windows,1.96,679.0,0,0,0,1,Intel Core i7,Intel
1171,HP,Notebook,16,Windows,2.1,1159.0,0,0,0,1,Intel Core i7,Intel
1172,Asus,Notebook,4,Windows,2.2,369.0,0,0,0,0,Others,Intel
1173,Lenovo,Notebook,4,other,2.1,398.0,0,0,0,0,Intel Core i5,Intel
1174,Lenovo,Notebook,8,other,2.2,709.0,0,0,0,1,Intel Core i7,Nvidia
1175,Asus,Notebook,4,Windows,2.0,769.0,0,0,0,1,Intel Core i3,Intel
1176,Lenovo,Notebook,4,Windows,2.32,825.0,0,0,0,1,Intel Core i7,Intel
1177,Lenovo,Gaming,16,Windows,3.31,1305.0,1,0,0,1,Intel Core i7,Nvidia
1178,MSI,Gaming,16,Windows,1.91,2153.37,0,0,0,1,Intel Core i7,Nvidia
1179,HP,Notebook,4,Windows,2.07,650.0,0,0,0,0,Intel Core i3,Intel
1180,Lenovo,2 in 1 Convertible,8,Windows,1.36,1637.0,1,1,0,0,Intel Core i5,Intel
1181,Lenovo,Ultrabook,6,Windows,1.54,831.0,0,0,0,1,Intel Core i7,Nvidia
1182,Dell,Notebook,8,Linux,1.98,895.01,0,0,0,1,Intel Core i7,Nvidia
1183,Acer,Notebook,4,Windows,2.1,333.0,0,0,0,0,Others,Intel
1184,HP,Notebook,6,Windows,2.18,799.0,1,0,0,1,Intel Core i7,Nvidia
1185,Asus,Gaming,8,Windows,2.591,909.0,1,0,0,1,Intel Core i7,Nvidia
1186,Dell,2 in 1 Convertible,16,Windows,2.09,1179.0,0,1,0,1,Intel Core i7,Intel
1187,Acer,Notebook,4,Windows,2.23,691.0,0,0,0,1,Intel Core i5,Nvidia
1188,Dell,Ultrabook,8,Linux,1.23,1099.0,0,1,0,0,Intel Core i5,Intel
1189,Acer,Gaming,16,Windows,4.2,2599.0,1,0,0,1,Intel Core i7,Nvidia
1190,Lenovo,Gaming,8,Windows,2.4,819.0,1,0,0,1,Intel Core i5,Nvidia
1191,Other,2 in 1 Convertible,4,other,1.15,659.0,1,1,0,0,Others,Others
1192,HP,Notebook,4,Windows,1.86,485.0,0,0,0,0,Intel Core i5,Intel
1193,Apple,Ultrabook,8,MAC,0.92,1163.0,1,0,1,0,Others,Intel
1194,Dell,2 in 1 Convertible,8,Windows,1.6,1199.0,1,1,0,1,Intel Core i5,Intel
1195,HP,Notebook,12,Windows,2.21,1327.0,1,0,0,1,Intel Core i7,Nvidia
1196,Lenovo,Notebook,4,other,1.9,368.0,0,0,0,0,Intel Core i3,AMD
1197,Asus,Gaming,16,Windows,4.3,2150.0,1,0,0,1,Intel Core i7,Nvidia
1198,Acer,Notebook,4,Linux,2.1,272.0,0,0,0,0,Others,Intel
1199,MSI,Gaming,16,Windows,2.43,2048.9,0,0,0,1,Intel Core i7,Nvidia
1200,Dell,Notebook,4,Windows,2.3,499.0,0,0,0,0,Intel Core i3,AMD
1201,Lenovo,Notebook,8,other,2.2,629.0,0,0,0,0,Intel Core i7,Nvidia
1202,Dell,2 in 1 Convertible,16,Windows,2.0,1285.0,0,1,0,1,Intel Core i7,Intel
1203,Dell,Ultrabook,16,Windows,1.2,2680.0,0,1,0,0,Intel Core i7,Intel
1204,Asus,Gaming,8,Windows,2.2,1169.0,0,0,0,1,Intel Core i7,Nvidia
1205,Dell,Notebook,8,Windows,2.36,889.0,0,0,0,1,Intel Core i5,AMD
1206,HP,Notebook,8,Windows,1.91,579.0,0,0,0,0,Intel Core i5,Intel
1207,Lenovo,Notebook,4,Windows,2.2,299.0,0,0,0,0,AMD,AMD
1208,Acer,Notebook,8,Windows,3.3,629.0,0,0,0,0,Intel Core i3,Nvidia
1209,Asus,Gaming,16,Windows,2.2,2449.0,0,0,0,1,Intel Core i7,Nvidia
1210,Apple,Ultrabook,8,MAC,0.92,1279.0,1,0,1,0,Others,Intel
1211,Asus,Notebook,16,Windows,2.2,1749.0,0,0,0,1,Intel Core i7,Nvidia
1212,MSI,Gaming,16,Windows,2.43,1948.99,1,0,0,1,Intel Core i7,Nvidia
1213,Dell,2 in 1 Convertible,8,Windows,2.191,999.0,1,1,0,1,Intel Core i5,Intel
1214,Asus,Gaming,16,Windows,2.9,1949.0,0,0,0,1,Intel Core i7,Nvidia
1215,Acer,Netbook,2,other,1.3,174.0,0,0,0,0,Others,Intel
1216,Acer,Notebook,4,Windows,3.3,598.0,0,0,0,0,Intel Core i3,Nvidia
1217,Lenovo,Notebook,8,other,2.8,539.0,0,0,0,0,Intel Core i5,Intel
1218,Lenovo,Gaming,8,Windows,2.6,1272.0,1,0,0,1,Intel Core i7,Nvidia
1219,Acer,2 in 1 Convertible,8,Windows,1.2,1149.0,1,1,0,1,Intel Core i7,Intel
1220,Lenovo,Notebook,8,Windows,2.3,1529.0,1,0,0,1,Intel Core i7,Intel
1221,MSI,Gaming,8,Windows,2.2,1476.11,0,0,0,1,Intel Core i7,Nvidia
1222,HP,Notebook,6,Windows,2.1,529.0,0,0,0,1,AMD,AMD
1223,Dell,Ultrabook,8,Windows,1.26,1713.37,0,1,0,1,Intel Core i5,Intel
1224,Dell,2 in 1 Convertible,4,Windows,2.08,509.0,0,1,0,1,Intel Core i3,Intel
1225,Asus,Notebook,4,Windows,2.65,309.0,0,0,0,0,Others,Intel
1226,Dell,Ultrabook,8,Windows,1.29,1477.0,0,1,0,0,Intel Core i7,Intel
1227,Dell,Notebook,4,Linux,2.18,521.86,0,0,0,0,Intel Core i5,Intel
1228,Lenovo,Gaming,16,Windows,2.6,1029.0,1,1,0,1,Intel Core i7,Nvidia
1229,MSI,Gaming,8,Windows,2.2,1149.0,0,0,0,1,Intel Core i7,Nvidia
1230,Lenovo,Netbook,16,Windows,1.3,1650.0,1,1,0,1,Intel Core i7,Intel
1231,Other,Gaming,16,Windows,1.95,3499.0,0,0,0,1,Intel Core i7,Nvidia
1232,Dell,Notebook,8,Windows,2.3,469.01,0,1,0,0,Intel Core i3,Intel
1233,MSI,Gaming,16,Windows,2.7,1598.0,0,0,0,1,Intel Core i7,Nvidia
1234,Apple,Ultrabook,4,MAC,1.08,959.0,0,0,0,0,Intel Core i5,Intel
1235,HP,Notebook,4,Windows,2.1,478.0,0,0,0,1,Intel Core i3,Intel
1236,HP,Ultrabook,8,Windows,1.54,2198.19,0,0,0,0,Intel Core i7,Intel
1237,Dell,Notebook,4,Windows,2.24,737.0,0,0,0,0,Intel Core i5,Intel
1238,MSI,Gaming,8,Windows,2.3,1169.0,0,0,0,1,Intel Core i7,Nvidia
1239,Lenovo,Notebook,16,Windows,1.4,1499.0,1,0,0,1,Intel Core i7,Intel
1240,Lenovo,Notebook,6,Windows,2.2,597.57,0,0,0,1,AMD,AMD
1241,Asus,Ultrabook,8,Windows,1.45,1280.0,0,0,0,1,Intel Core i7,Intel
1242,Acer,Notebook,4,Linux,2.4,361.8,0,0,0,0,Intel Core i3,Intel
1243,Dell,2 in 1 Convertible,16,Windows,2.77,1799.0,0,1,0,1,Intel Core i7,Nvidia
1244,HP,Notebook,4,Windows,1.54,1099.99,0,0,0,1,Intel Core i5,Intel
1245,Asus,Gaming,16,Windows,2.5,1600.0,1,0,0,1,Intel Core i7,Nvidia
1246,Dell,Notebook,4,Windows,1.6,875.0,0,0,0,0,Intel Core i5,Intel
1247,Asus,Gaming,16,Windows,2.34,2325.0,1,0,0,1,Intel Core i7,Nvidia
1248,Lenovo,Notebook,8,other,2.3,573.0,1,0,0,1,Intel Core i5,Intel
1249,Dell,2 in 1 Convertible,8,Windows,1.24,1813.0,0,1,0,0,Intel Core i5,Intel
1250,Dell,Notebook,4,Linux,2.2,324.0,0,0,0,0,Others,Intel
1251,HP,Notebook,4,Windows,1.86,399.0,0,0,0,0,AMD,AMD
1252,Lenovo,Notebook,6,Windows,2.4,569.0,0,0,0,1,Intel Core i3,Nvidia
1253,Lenovo,Notebook,8,Windows,1.9,1072.0,1,0,0,1,Intel Core i5,Intel
1254,Dell,Notebook,4,Windows,2.2,443.99,0,0,0,0,Others,Intel
1255,Asus,Notebook,4,Windows,2.0,339.0,0,0,0,0,Others,Intel
1256,Asus,Gaming,16,Windows,4.0,1900.0,1,0,0,1,Intel Core i7,Nvidia
1257,Dell,Notebook,4,Windows,2.29,490.0,0,0,0,0,Intel Core i3,Intel
1258,Lenovo,Notebook,8,Windows,2.32,895.0,0,0,0,1,Intel Core i7,AMD
1259,MSI,Gaming,8,Windows,2.4,1229.0,0,0,0,1,Intel Core i7,Nvidia
1260,Lenovo,2 in 1 Convertible,4,Windows,1.8,833.01,0,1,0,1,Intel Core i5,Intel
1261,Asus,Ultrabook,8,Windows,1.2,729.0,1,0,0,1,Others,Intel
1262,Dell,Notebook,6,Windows,2.3,459.0,0,0,0,0,Intel Core i3,Intel
1263,Acer,Notebook,4,Linux,2.4,289.0,0,0,0,0,Others,Intel
1264,Dell,Notebook,2,Windows,2.2,379.0,0,0,0,0,Others,Intel
1265,Lenovo,Notebook,8,Windows,2.6,899.0,1,0,0,1,Intel Core i7,Nvidia
1266,HP,Notebook,6,Windows,2.04,549.99,0,0,0,1,AMD,AMD
1267,Dell,Notebook,8,Linux,2.3,805.99,0,0,0,0,Intel Core i7,AMD
1268,HP,Netbook,2,Windows,1.17,209.0,0,0,0,0,Others,Intel
1269,Asus,Notebook,4,Windows,2.2,720.32,0,0,0,0,Intel Core i7,Nvidia
1270,Lenovo,2 in 1 Convertible,4,Windows,1.8,638.0,1,1,0,1,Intel Core i7,Intel
1271,Lenovo,2 in 1 Convertible,16,Windows,1.3,1499.0,1,1,0,0,Intel Core i7,Intel
1272,Lenovo,Notebook,2,Windows,1.5,229.0,0,0,0,0,Others,Intel
1273,HP,Notebook,6,Windows,2.19,764.0,0,0,0,0,Intel Core i7,AMD
1274,Asus,Notebook,4,Windows,2.2,369.0,0,0,0,0,Others,Intel
1275,Asus,Ultrabook,8,Windows,1.2,729.0,1,0,0,1,Others,Intel
1276,Dell,Notebook,6,Windows,2.3,459.0,0,0,0,0,Intel Core i3,Intel
1277,Acer,Notebook,4,Linux,2.4,289.0,0,0,0,0,Others,Intel
1278,Dell,Notebook,2,Windows,2.2,379.0,0,0,0,0,Others,Intel
1279,Lenovo,Notebook,8,Windows,2.6,899.0,1,0,0,1,Intel Core i7,Nvidia
1280,HP,Notebook,6,Windows,2.04,549.99,0,0,0,1,AMD,AMD
1281,Dell,Notebook,8,Linux,2.3,805.99,0,0,0,0,Intel Core i7,AMD
1282,HP,Netbook,2,Windows,1.17,209.0,0,0,0,0,Others,Intel
1283,Asus,Notebook,4,Windows,2.2,720.32,0,0,0,0,Intel Core i7,Nvidia
1284,Lenovo,2 in 1 Convertible,4,Windows,1.8,638.0,1,1,0,1,Intel Core i7,Intel
1285,Lenovo,2 in 1 Convertible,16,Windows,1.3,1499.0,1,1,0,0,Intel Core i7,Intel
1286,Lenovo,Notebook,2,Windows,1.5,229.0,0,0,0,0,Others,Intel
1287,HP,Notebook,6,Windows,2.19,764.0,0,0,0,0,Intel Core i7,AMD
1288,Asus,Notebook,4,Windows,2.2,369.0,0,0,0,0,Others,Intel
1289,Asus,Ultrabook,8,Windows,1.2,729.0,1,0,0,1,Others,Intel
1290,Dell,Notebook,6,Windows,2.3,459.0,0,0,0,0,Intel Core i3,Intel
1291,Acer,Notebook,4,Linux,2.4,289.0,0,0,0,0,Others,Intel
1292,Dell,Notebook,2,Windows,2.2,379.0,0,0,0,0,Others,Intel
1293,Lenovo,Notebook,8,Windows,2.6,899.0,1,0,0,1,Intel Core i7,Nvidia
1294,HP,Notebook,6,Windows,2.04,549.99,0,0,0,1,AMD,AMD
1295,Dell,Notebook,8,Linux,2.3,805.99,0,0,0,0,Intel Core i7,AMD
1296,HP,Netbook,2,Windows,1.17,209.0,0,0,0,0,Others,Intel
1297,Asus,Notebook,4,Windows,2.2,720.32,0,0,0,0,Intel Core i7,Nvidia
1298,Lenovo,2 in 1 Convertible,4,Windows,1.8,638.0,1,1,0,1,Intel Core i7,Intel
1299,Lenovo,2 in 1 Convertible,16,Windows,1.3,1499.0,1,1,0,0,Intel Core i7,Intel
1300,Lenovo,Notebook,2,Windows,1.5,229.0,0,0,0,0,Others,Intel
1301,HP,Notebook,6,Windows,2.19,764.0,0,0,0,0,Intel Core i7,AMD
1302,Asus,Notebook,4,Windows,2.2,369.0,0,0,0,0,Others,Intel
